input_0,input_1,predicted_0,predicted_1,target_0,target_1
0.4895475,-0.6067534,0.2718493,-0.45087975,0.27146074,-0.44593728
-1.1875651,0.21991403,-0.8300075,0.112555206,-0.90076166,0.1318417
0.66865635,0.98890346,0.4427976,0.56830657,0.43331262,0.56376755
0.43946564,0.7493734,0.018857706,0.12907496,0.03362011,0.13797702
-0.9867076,-0.84955436,-0.7474526,-0.68293643,-0.7395324,-0.6830454
-0.91582924,-0.3143729,-0.31442386,-0.16558835,-0.3259896,-0.17043875
1.3002837,-0.64407635,1.002887,-0.6475218,1.000828,-0.6432993
-0.27802673,-1.507622,-0.17610887,-1.0668395,-0.17387915,-1.0659814
0.47910097,1.234957,0.28215858,0.6869079,0.28084353,0.68516004
1.898831,1.4191042,0.571527,0.38142714,0.5791158,0.3971907
0.56301284,1.0974815,0.35994112,0.6397206,0.3537472,0.63392204
-0.49205542,-0.48225573,-0.27596605,-0.27816623,-0.27301872,-0.2784538
0.65531284,1.5765873,0.2711801,0.69598544,0.27253026,0.6986187
-0.42155024,-0.30743828,-0.31476575,-0.18661176,-0.30569345,-0.18732683
-0.38078964,0.3832858,-0.16355352,0.156976,-0.16519693,0.1566752
0.13331127,-0.6678048,0.045432143,-0.47830856,0.048992287,-0.4728332
-2.149942,0.12911822,-0.94424725,-0.015064577,-0.9521964,-0.015574693
-1.9465759,-0.6113311,-0.91174024,-0.35721037,-0.9172148,-0.36052155
0.010362056,-1.0246199,0.02750098,-0.47145188,0.028023656,-0.48330563
-0.43000785,-0.32250127,-0.31309453,-0.19705409,-0.30315593,-0.19837138
0.9310836,1.4177524,0.39743808,0.60506994,0.39846265,0.6110178
0.32078016,-0.48588333,0.15733777,-0.47195023,0.16232826,-0.46506023
1.0820915,-0.93850815,0.8363015,-0.82705367,0.83072066,-0.82405937
-2.5409062,-0.022252632,-0.94889665,-0.084416345,-0.96068853,-0.08670163
-3.344696,-0.73264813,-0.9426135,-0.29264244,-0.9556694,-0.29628164
-0.20444569,0.087787814,-0.069164306,0.09485891,-0.0436137,0.105502665
-1.9036005,0.35122064,-0.9254588,0.096775115,-0.93071365,0.09774817
-1.0008478,-0.604948,-0.3668304,-0.2813845,-0.31425184,-0.26172608
-0.22536486,0.7227983,-0.09871997,0.17229037,-0.102037326,0.1825041
1.5349091,0.5073419,0.6328979,0.106492296,0.64398456,0.11821846
-0.3471827,2.1209826,-0.19251664,0.78449446,-0.19470313,0.7934094
0.5438456,1.6618553,0.210787,0.72613615,0.21060005,0.7297353
0.51600206,0.8480371,0.050545797,0.16631597,0.039053064,0.15284514
-0.23789959,-0.24950927,-0.1955862,-0.091548145,-0.2745369,-0.093756706
-1.6101431,-1.8478751,-0.62290823,-0.82723194,-0.6289442,-0.8368572
-1.1407038,-0.44627404,-0.8365237,-0.34894753,-0.88787395,-0.37691167
-0.29261425,0.6586018,-0.11777154,0.17074773,-0.121263295,0.1783494
1.0713409,0.2453923,0.62827337,0.020326894,0.62784404,0.024375385
-1.6833106,0.030557776,-0.94385815,-0.04150974,-0.9463473,-0.0448718
0.5422265,2.0101576,0.15314282,0.7482066,0.15579733,0.75598407
-1.76167,-0.6112035,-0.9052005,-0.3797321,-0.907648,-0.3829106
1.4206015,-1.046097,0.9202868,-0.74992335,0.9220051,-0.7502411
-1.239354,-0.43138206,-0.9092233,-0.35092503,-0.90359986,-0.3543745
-0.47855654,0.29587707,-0.21488898,0.1302802,-0.21709657,0.12751067
-1.1832447,-0.33506832,-0.8799297,-0.28227705,-0.91086227,-0.29332376
0.8902342,0.26373813,0.6264193,0.030412447,0.6219108,0.033782844
-0.084727675,-0.67362547,-0.085844144,-0.44499844,-0.07980145,-0.4410337
1.0738094,-0.39521918,0.5199532,-0.2552874,0.52759993,-0.26009452
0.61257464,-1.4387734,0.4365203,-1.0491549,0.43659738,-1.048271
-0.72057915,0.6548217,-0.22617376,0.12409171,-0.23565073,0.13343817
-1.4834146,-0.3312709,-0.9313174,-0.26318857,-0.92998344,-0.26565465
0.06772563,1.4127108,0.018672232,0.7794386,0.01689221,0.77879286
2.4958007,-0.20452364,1.2030581,-0.27087784,1.2162677,-0.2666725
0.021194039,0.72683567,-0.039815214,0.16430275,-0.036422018,0.17405319
-0.23763745,-0.8692384,-0.096339464,-0.43297616,-0.09801582,-0.44069353
1.1643622,0.84291214,0.5849475,0.34149995,0.58673817,0.3451581
0.98651874,0.24754356,0.628028,0.018737892,0.62499636,0.023589378
0.7256439,-0.13544364,0.51067233,-0.2659572,0.5066939,-0.25855207
1.0127364,-0.7894297,0.504673,-0.41601905,0.45894903,-0.37309712
1.6006603,0.81083584,0.6195114,0.22585075,0.62815565,0.23786347
1.042621,-0.41752204,0.51027626,-0.26949847,0.51723367,-0.2731763
0.110440135,0.009865657,0.03963912,0.051564246,0.035961628,0.044768605
-1.7617882,0.7356499,-0.86421967,0.2844504,-0.8697334,0.2839887
1.2867606,0.30094162,0.63207334,0.045138825,0.6362857,0.051709108
-1.494702,-0.42170855,-0.9210164,-0.31540602,-0.92020625,-0.31872764
1.2980002,1.2541302,0.5162259,0.474,0.51846653,0.48101413
-0.75217134,-1.1188504,-0.55883867,-0.87535894,-0.55593884,-0.87158984
-0.29997182,1.6602812,-0.18950905,0.7848563,-0.19129412,0.7868242
-0.98208266,-0.42852372,-0.30853525,-0.2030832,-0.3200647,-0.21082453
-1.785664,0.7529406,-0.8631668,0.28691137,-0.86900324,0.28665784
1.3924435,-0.91301715,0.9477607,-0.7188406,0.9498041,-0.71708685
1.6298685,1.006653,0.6015341,0.30286226,0.6086357,0.31497902
1.1655624,0.66892374,0.6131347,0.25054562,0.6151319,0.25573334
0.8116427,-0.53077495,0.43404666,-0.35128072,0.434705,-0.35332483
2.1854088,-1.8404987,0.92196953,-0.75115603,0.93210256,-0.7630507
1.6424901,1.186836,0.5790652,0.3641471,0.5832652,0.37875465
-1.2266607,0.9869065,-0.720482,0.50522137,-0.72212386,0.5032683
1.1814835,-0.13689546,0.57963127,-0.1497441,0.58825445,-0.14957985
0.6213334,-0.44360015,0.37593442,-0.39610997,0.37319013,-0.39239
0.43810472,0.95856583,0.123723924,0.29394507,0.032004893,0.18074292
-2.3428128,-0.063303515,-0.9482113,-0.09782023,-0.9578218,-0.09984087
0.26092035,-1.7562413,0.19402151,-1.0990869,0.19510378,-1.1012558
0.7760598,0.14462066,0.566769,-0.06862582,0.59236604,-0.065483846
3.0070934,-0.19451948,1.2172526,-0.22565776,1.2368532,-0.22125672
-1.1962426,0.022703746,-0.6102509,-0.04041737,-0.85913014,-0.018149229
1.1504587,0.7730631,0.5952228,0.30953628,0.59737206,0.31585437
0.6426603,-0.67470765,0.34157413,-0.41290662,0.3445225,-0.41659227
0.3906476,0.29046795,0.04016214,0.07607306,0.049893454,0.07433408
-0.056186162,-0.45667148,-0.16572484,-0.37121636,-0.16404696,-0.3759373
-1.1182652,-0.06272598,-0.3341689,-0.08324306,-0.34366792,-0.08385263
-0.537794,0.40164632,-0.21570437,0.13477051,-0.2187288,0.13206345
-1.8669144,-0.79807234,-0.8805756,-0.45099252,-0.88468814,-0.4564439
-0.41449744,1.3834704,-0.26738995,0.7702272,-0.26929557,0.76888275
0.22809497,2.4395297,0.015037719,0.7813668,0.015663454,0.7950245
-0.7509823,-0.23392095,-0.321894,-0.13410692,-0.3256544,-0.13730693
-1.1060427,-1.3485007,-0.6150051,-0.8324666,-0.6147993,-0.83513165
-0.22685438,0.6911695,-0.09951659,0.17257895,-0.10231308,0.18144277
0.7418147,0.68970984,0.5382653,0.37179458,0.556118,0.3774852
-1.666501,-1.8931432,-0.62638116,-0.82497424,-0.63337374,-0.8343506
0.6175268,-0.56970936,0.3505173,-0.4124824,0.35021326,-0.40977144
-0.80813104,0.41917172,-0.26431206,0.085374,-0.2724481,0.091579646
-1.1078717,0.4160852,-0.68712294,0.21413657,-0.8384689,0.27683347
1.300988,-1.8347269,0.6886479,-0.9366176,0.69248873,-0.9444661
0.51248956,0.6558041,0.029909115,0.11189161,0.045845628,0.11923666
-1.1290708,0.43011114,-0.8315743,0.27688608,-0.84732604,0.28408924
0.6130978,-0.5442745,0.35279125,-0.4113116,0.35226405,-0.40789586
-1.2422781,0.07480135,-0.9166975,0.024277667,-0.9257127,0.019964706
-1.2767181,-0.63926905,-0.86679924,-0.47900495,-0.86181444,-0.4825605
1.1673046,0.47544825,0.62997264,0.15085581,0.63187367,0.1548341
-0.8060398,0.83242184,-0.32756397,0.27220398,-0.24500695,0.1581631
1.1466744,0.21989872,0.62612903,0.008657179,0.628813,0.011626347
-1.0197383,0.5487236,-0.42272127,0.16749823,-0.31462497,0.081467934
0.15339239,-0.1833122,0.033337347,0.020720333,0.03348867,0.01515852
-1.1396809,0.5532928,-0.82068837,0.35820618,-0.81618845,0.3546326
-0.08111575,-1.1504892,0.0036364961,-0.47321212,-0.0002303512,-0.48683438
-0.28903642,-0.13175093,-0.18064746,0.0049814642,-0.23044404,0.04032049
1.2284226,1.9129012,0.36712164,0.6297099,0.3745434,0.6407909
-0.71440876,0.76798165,-0.21506089,0.13971883,-0.22524247,0.14779764
-0.10145627,0.244674,-0.017561283,0.11640791,-0.004706171,0.11583743
1.7366055,1.1930526,0.5868538,0.34514406,0.5936596,0.35980335
0.49508148,0.7900891,0.025286898,0.13451704,0.037489947,0.14224838
-0.22810997,0.5540872,-0.09885304,0.17223696,-0.10131589,0.17626852
0.16173498,-0.39441955,-0.020062642,-0.2822749,-0.0698264,-0.36755916
0.26681694,-0.14555393,0.036526017,0.029093936,0.040904578,0.021028407
0.4723773,-0.10703175,0.037430312,0.017431404,0.052800383,0.019762402
-0.6896472,-2.5097487,-0.21900813,-1.0565783,-0.22195552,-1.0698144
-0.7855338,-0.54261446,-0.28098634,-0.25807583,-0.29117346,-0.26472896
1.2040471,-1.4347833,0.7417737,-0.90108407,0.7429366,-0.9049161
1.4082217,1.7587715,0.43630898,0.5677622,0.44408733,0.57956856
-0.013320952,0.8861443,-0.05501668,0.16973099,-0.053244904,0.18558021
-0.9376876,-0.07272529,-0.3227058,-0.07831654,-0.333756,-0.07911131
1.2149973,-0.42886427,0.5334185,-0.23773718,0.54618675,-0.24554084
0.2746997,1.6180738,0.10232747,0.76309055,0.09970482,0.7658505
1.5020903,-0.005653949,0.715536,-0.10709785,0.633743,-0.09022048
-0.29379043,-0.2107936,-0.2277928,-0.06273194,-0.29128978,-0.059545618
-0.2793711,-1.864318,-0.116524056,-1.0817151,-0.11902472,-1.085626
0.22306739,0.8111613,-0.013155552,0.15267989,-0.002728049,0.16534983
0.4514495,1.3706516,0.23234983,0.7141619,0.23162612,0.7139675
-0.6238248,1.080427,-0.44433516,0.70906526,-0.4424899,0.70182365
-0.3119454,-0.35966396,-0.29060805,-0.23487699,-0.28333503,-0.23790318
0.31083804,-0.6220629,0.15882239,-0.47825915,0.15743513,-0.47170228
0.4776119,-0.77772605,0.24905112,-0.45475003,0.25170323,-0.45818153
0.8034344,0.6706061,0.584596,0.35088673,0.57468885,0.34669042
-1.8014268,-0.8741184,-0.86228323,-0.4949955,-0.8661859,-0.49940982
0.7664133,0.24701402,0.43418062,0.02393494,0.58215743,0.012383809
1.9046402,0.27774358,1.236555,-0.1526993,1.2327077,-0.14383838
-0.10392431,1.0706736,-0.07718917,0.20614295,-0.078814544,0.20231201
0.39097708,-0.18600577,0.03449482,0.0034527257,0.04727891,0.008287921
-0.13104308,-0.8497767,-0.059330277,-0.45323163,-0.057550356,-0.45620155
0.040093083,-0.11605434,0.033437945,0.030388735,0.02928523,0.026283499
0.95039165,-0.66952205,0.44316652,-0.34126866,0.45235813,-0.34947938
1.1392009,-0.5760054,0.49859297,-0.2873173,0.5106512,-0.2962126
1.8256311,-0.4698862,1.1364293,-0.43540144,1.1410915,-0.43407968
0.7252172,1.7462467,0.26157793,0.7022831,0.26460418,0.7062133
0.24495591,-0.8127019,0.12819889,-0.47749105,0.12761886,-0.4805834
1.3594015,-0.6692074,1.0124843,-0.639234,1.0097754,-0.6357798
0.14961934,0.7740206,-0.021877475,0.1570379,-0.01297377,0.16786133
1.2450316,-0.8695559,0.91951686,-0.7481579,0.9189712,-0.7450504
-1.3263229,-0.23009641,-0.93676686,-0.20102075,-0.9336725,-0.20547645
1.8586307,-0.11820968,1.1911654,-0.30569407,1.1934652,-0.30086136
-0.2214266,-0.16838299,-0.12704344,-0.00948073,-0.121167995,0.019580368
0.62493575,-1.8098099,0.39125067,-1.0636252,0.3943521,-1.0674868
0.47083336,-1.8242457,0.30900037,-1.0819834,0.31147462,-1.0867999
-0.61560905,1.2026427,-0.41390476,0.7249483,-0.41483757,0.71919024
-0.1611232,-0.62838763,-0.13103145,-0.42256674,-0.12532936,-0.41759658
0.21999715,-0.33348066,0.009146243,-0.11612056,0.026263662,-0.039322022
0.32508826,-1.1242858,0.17444058,-0.48024708,0.17291078,-0.49283722
-0.3515913,-0.017901428,-0.20612335,0.061382927,-0.23927082,0.07936929
0.07498089,1.251211,0.043505378,0.7754601,0.041032493,0.76939994
-1.4600415,-1.1683232,-0.75629276,-0.6761768,-0.75837237,-0.6809139
1.87269,-0.19117808,1.1808078,-0.32930663,1.1854976,-0.32529598
-0.8655742,0.31658715,-0.2884983,0.05055718,-0.29654047,0.055158097
-0.19440784,0.18487252,-0.06435178,0.119040266,-0.049772907,0.13050741
0.6582479,-0.818511,0.32398906,-0.42306596,0.32852134,-0.43113264
0.94314784,-1.5583873,0.6003946,-0.98588735,0.60240877,-0.9869443
-0.91645205,-0.6767227,-0.2832196,-0.28450507,-0.28846568,-0.2922085
-0.5754739,-0.8816951,-0.18852165,-0.37768245,-0.1955061,-0.38786316
-2.147828,-3.6421788,-0.47060397,-0.97890395,-0.47746584,-0.99194884
-2.7271519,0.8492515,-0.9031726,0.19228148,-0.9169135,0.19823702
0.5032996,-2.3629472,0.2878428,-1.0857503,0.29133677,-1.0981591
-0.6054215,0.6370866,-0.20287222,0.13949355,-0.21025816,0.14895807
0.5908757,0.7761065,0.08185989,0.16863245,0.05173891,0.13998817
0.6758143,0.8941407,0.48183003,0.5205122,0.4675224,0.52135086
-0.07261677,2.2638571,-0.08812094,0.7908128,-0.08987539,0.8009945
-0.8445134,-0.938098,-0.6678122,-0.7627964,-0.66281736,-0.76837647
0.7939491,-0.69058436,0.39832518,-0.3779366,0.4023828,-0.3850431
1.2592639,0.43449914,0.6325263,0.115421325,0.6366252,0.12090696
1.9091296,1.7268441,0.5224403,0.46887314,0.52933604,0.48487157
-0.18647641,-0.8670312,-0.07697817,-0.44377297,-0.0772716,-0.44955572
0.35985819,0.17491198,0.0422873,0.06556167,0.048979294,0.061246317
1.1167843,-0.31387702,0.5444988,-0.21710162,0.5529359,-0.22082084
1.129742,0.6842726,0.60905004,0.26694527,0.610231,0.27230975
0.37927327,-1.5356954,0.27924737,-1.0864412,0.28101888,-1.0870298
-0.24478647,0.73540705,-0.10419852,0.17184967,-0.10746264,0.18242833
-0.28748047,1.0119405,-0.116153225,0.18151106,-0.1197116,0.19411659
-0.54780656,-0.8786398,-0.18327579,-0.38088715,-0.19006467,-0.39107051
0.534206,1.1035569,0.34564143,0.64977384,0.3403899,0.64334714
-0.83193815,-1.331955,-0.5169412,-0.90915036,-0.5148324,-0.9100887
-1.2753643,0.2926571,-0.9058156,0.172304,-0.9005554,0.16288526
0.5449154,0.21577036,0.042477462,0.065414146,0.05811673,0.061973523
0.4626067,-1.0728971,0.22105838,-0.46913496,0.23054393,-0.4805499
-1.0012503,-1.5132046,-0.5288503,-0.902517,-0.5277877,-0.9064938
0.17375402,-0.106829084,0.037342507,0.03559126,0.036780976,0.02797528
-0.40812728,-0.048320007,-0.25940952,0.03657453,-0.27606565,0.0384055
-0.6567101,-0.36049664,-0.30958864,-0.19662358,-0.311813,-0.19938281
0.3162603,-1.0633372,0.16809307,-0.47407377,0.16823329,-0.48831442
-1.650316,1.0648637,-0.78280497,0.4292933,-0.788032,0.4293862
-0.8804004,0.6995461,-0.2659394,0.12370535,-0.26305166,0.120576896
2.8330843,0.19678661,1.2298254,-0.1594916,1.2500899,-0.14870311
0.53272635,0.38718188,0.040857542,0.08097075,0.05652215,0.081866995
0.089963466,-1.5662752,0.07863199,-1.1025181,0.079462364,-1.1012574
-1.0047871,0.037897516,-0.32073832,-0.052029405,-0.33348706,-0.049904887
0.42339298,-0.38369688,0.24314223,-0.43725714,0.248958,-0.44058535
-0.6054655,-0.16618457,-0.32809466,-0.10310877,-0.3241933,-0.10549983
-0.6010525,0.3507388,-0.24023217,0.11410472,-0.24247335,0.11197293
0.1918251,1.960744,0.03091655,0.78024703,0.03071403,0.7863167
1.8617775,0.282619,1.2366992,-0.14995143,1.2318417,-0.14029068
0.16876596,0.698851,-0.009455377,0.14803906,-0.000838646,0.15672801
-0.6593974,0.4992472,-0.23001114,0.11807412,-0.2371893,0.1244082
0.28278625,-0.69947195,0.14408816,-0.48063928,0.1433466,-0.47580013
0.6765647,1.472636,0.30276456,0.6760798,0.3021952,0.6794436
1.2597524,-0.7183417,0.96652114,-0.6902654,0.96615,-0.68729347
-1.3284376,-1.0964159,-0.7487913,-0.6846208,-0.7481987,-0.6905799
-0.57255536,0.44944704,-0.21733302,0.13092059,-0.22264114,0.13187037
0.92352784,0.79385406,0.5690412,0.3821659,0.5640325,0.38445988
0.80574775,-0.17621812,0.52329195,-0.25572616,0.5183948,-0.2515387
1.7671574,1.9841949,0.46103117,0.5459937,0.47186318,0.5593436
-0.12931757,0.054549687,-0.013425737,0.07337947,0.0098647075,0.06742331
1.006895,-1.0387224,0.7660377,-0.8801361,0.7652602,-0.87710017
-0.51473176,0.06543252,-0.28148866,0.054204673,-0.27934015,0.050788537
1.2595172,-1.0821631,0.86049044,-0.8057175,0.86024946,-0.8070639
0.40913555,-0.73876035,0.2156722,-0.46587563,0.21801995,-0.46537006
-0.4096774,-1.400191,-0.27208355,-1.0347141,-0.2701671,-1.0338913
1.1998496,2.2299762,0.30988574,0.6725868,0.31732088,0.6852326
0.38045692,-2.3096352,0.23209429,-1.0945153,0.23427594,-1.1054077
-1.2573782,2.1757708,-0.48563236,0.69245076,-0.49392194,0.7025374
1.4153763,-0.41079062,1.1004574,-0.5063522,1.09356,-0.49957606
1.5012134,-0.43368214,1.1075335,-0.49380228,1.1028461,-0.4903543
-0.27910817,0.50407344,-0.11661671,0.16995285,-0.118824415,0.17273106
-1.2969283,-0.15353672,-0.93981934,-0.14531143,-0.93604547,-0.14959088
-1.9056647,-0.9722624,-0.8522962,-0.5132152,-0.859222,-0.5188222
-0.25865304,-0.21516041,-0.19255288,-0.056941055,-0.26386973,-0.042890757
1.8982118,-0.63792366,1.1114476,-0.48730397,1.1168743,-0.4873133
1.0430932,0.39185613,0.63280326,0.10728937,0.6305618,0.1108447
0.075586066,0.051020645,0.03789807,0.057541728,0.03456456,0.051402424
1.7542385,0.83205223,0.6260174,0.19795689,0.63754267,0.21366514
-0.40943375,0.9493957,-0.14585029,0.1713052,-0.15048212,0.18604535
-1.002495,2.6247354,-0.36756855,0.74680173,-0.37312227,0.7613226
0.56063414,0.92526215,0.37982917,0.5090759,0.41669792,0.566299
-0.20789482,0.5068265,-0.0897226,0.16977753,-0.09150833,0.1738693
0.060997877,0.13583729,0.034768075,0.07153067,0.032958776,0.06649641
0.7185163,-0.397327,0.43517032,-0.35220385,0.43119437,-0.34944746
0.56816196,-0.7803673,0.29071727,-0.43746024,0.2936949,-0.44402912
-0.17219402,-0.18790856,-0.0861136,-0.014335044,-0.041536592,0.005473491
-0.58282954,-0.07419237,-0.32307845,-0.050288215,-0.319367,-0.050866712
0.59268874,0.028929725,0.044510603,0.031183977,0.06063454,0.03524289
-0.82539034,-3.0652745,-0.20689303,-1.0668278,-0.21117954,-1.0827184
-2.553828,0.636163,-0.91440874,0.14664505,-0.9280609,0.14919095
0.7123642,0.2536023,0.11600862,0.05778436,0.07489579,0.05989059
-1.827422,-0.4794483,-0.92340034,-0.3105438,-0.92688954,-0.31496602
-0.16852713,1.1635665,-0.11099155,0.7391152,-0.11481605,0.77354723
1.6931862,-0.110796176,1.1867316,-0.3221861,1.1833223,-0.31667563
0.86441904,-1.4244046,0.58778346,-0.98969984,0.5884534,-0.9906057
0.54411733,-2.0961766,0.32967806,-1.0787637,0.3315358,-1.0868177
-1.904998,-1.5044197,-0.7485047,-0.686074,-0.757789,-0.6941043
0.54811573,-0.41702744,0.34225047,-0.41501424,0.3418544,-0.4087086
-0.15135233,0.098879844,-0.03033782,0.08911528,-0.006537585,0.088327676
1.2580905,-0.5610445,0.96892315,-0.5922302,1.0082135,-0.6203493
0.6366149,-0.31469283,0.41562435,-0.3653523,0.41251072,-0.35993755
0.49433082,-2.3104198,0.28773546,-1.085583,0.29086477,-1.0974218
0.42306852,1.5818248,0.17327608,0.740134,0.1732336,0.7424297
0.5457083,-0.78886503,0.28013903,-0.44181317,0.28238788,-0.44879916
1.6996738,-0.12234289,1.1842223,-0.3259626,1.1822135,-0.32067332
1.0187368,-1.4889433,0.65129983,-0.9588533,0.6522868,-0.9604848
0.81365573,-0.1254216,0.54001486,-0.23021768,0.53525895,-0.22555624
-0.573757,1.6744404,-0.31789815,0.759138,-0.32037905,0.7625301
0.59053963,0.6031403,0.038608447,0.103034765,0.05511037,0.10808084
-1.4323547,-1.0652318,-0.77531356,-0.6481913,-0.7765096,-0.6527359
1.3494496,-0.32666552,0.6689459,-0.2349895,0.59142077,-0.2011408
1.80768,1.018618,0.6099467,0.26499876,0.62148315,0.28286034
-2.0266736,0.11527173,-0.94464976,-0.013928736,-0.95042044,-0.015372604
-0.9671984,-1.8891435,-0.42833865,-0.96706516,-0.42938256,-0.97414285
1.3262271,-0.9989142,0.90591276,-0.76342356,0.9069746,-0.76276785
0.6611451,-0.18538417,0.4643819,-0.31094754,0.4635456,-0.30620468
-0.25382406,0.048746407,-0.109215654,0.08866358,-0.099839255,0.11461236
0.12732698,-0.68445563,0.04379485,-0.47805738,0.04592766,-0.4731693
1.706249,-0.9697805,1.0097235,-0.6472652,1.012261,-0.64971673
0.54222727,-0.93618953,0.26591223,-0.44807947,0.26770473,-0.4604488
-0.29841673,-0.08513605,-0.17180808,0.03325373,-0.21617344,0.06843429
-1.1911951,-0.6450679,-0.8551518,-0.5072214,-0.8466339,-0.5095171
1.0195621,-2.0368865,0.54586804,-1.0114175,0.5515641,-1.0179454
-0.6577568,-0.66256857,-0.2487309,-0.30978486,-0.25579637,-0.31903446
-0.5113956,-0.41220802,-0.2986572,-0.2396131,-0.29193616,-0.23929021
1.0129952,0.00014413889,0.5946671,-0.12237754,0.5944277,-0.11721145
0.58315945,2.3867886,0.12116544,0.7576975,0.12519456,0.7706696
-1.1392487,-0.68774855,-0.8354329,-0.54280645,-0.82701534,-0.5467052
-2.2266994,-0.17766953,-0.9462837,-0.14535245,-0.95462596,-0.14913082
0.30910292,0.2979499,0.03848195,0.080808766,0.045088578,0.07913484
0.8530756,1.1260946,0.45096913,0.5488011,0.4521301,0.5521153
0.8763701,0.06375155,0.59702486,-0.107834585,0.5942065,-0.10104447
1.8172323,-0.24139675,1.171846,-0.3515836,1.1756291,-0.34861702
2.5299947,0.52641255,1.2409582,-0.10559036,1.2537805,-0.09046438
-0.79945034,0.68982834,-0.23643163,0.11955853,-0.24662665,0.12838633
-1.9244944,1.1535933,-0.80267704,0.3988817,-0.811497,0.40197164
2.275868,-0.08926048,1.2071675,-0.25567254,1.2169374,-0.24942346
0.8181738,-0.49507576,0.44371676,-0.34245303,0.4436324,-0.34415334
-1.6285958,-0.9042244,-0.839408,-0.54090166,-0.84299034,-0.5424599
2.0696394,0.54931545,1.2476262,-0.091216385,1.2463073,-0.07674115
-0.15527499,0.12982328,-0.03543067,0.09843068,-0.014112798,0.09965241
0.7700931,-0.774289,0.37624168,-0.39071766,0.38158032,-0.4015744
1.0908773,-0.25292963,0.5553696,-0.20150802,0.5600552,-0.20434296
-0.7793639,1.0863128,-0.52098924,0.6704147,-0.5249128,0.6621009
-0.9682164,0.76902246,-0.69706845,0.51200193,-0.6996792,0.5098442
-0.30982018,1.8946291,-0.18769711,0.78576976,-0.18911137,0.7910769
0.9288834,1.1411712,0.46770492,0.5301375,0.46931213,0.53436846
-0.35287046,2.363625,-0.18661983,0.7849587,-0.19037658,0.79730046
-1.183511,2.0508685,-0.48434937,0.69270235,-0.49149424,0.7017567
0.0010046959,1.434189,-0.020460377,0.78503567,-0.022551848,0.7840097
-1.8084562,-0.53978634,-0.9160666,-0.34024745,-0.9196031,-0.3440196
0.8175102,-1.2040985,0.61021113,-0.97725594,0.6085913,-0.97485125
-1.2496873,-0.2793634,-0.9277793,-0.24239807,-0.924815,-0.2457503
-1.2911212,0.7731423,-0.79292923,0.4093579,-0.79359514,0.4071328
-0.8630106,2.601599,-0.3323006,0.7583466,-0.33653292,0.7727134
1.6123945,-0.9706394,0.98770744,-0.6751263,0.99002314,-0.6761965
-0.06915608,0.7350761,-0.056891054,0.1698359,-0.05777246,0.1801589
-0.44412568,0.3653055,-0.1892518,0.1467556,-0.19211194,0.14487274
1.6921948,-0.7844207,1.0516868,-0.5879009,1.053379,-0.58911073
0.32478806,-0.15488549,0.036289424,0.025079064,0.04396443,0.018298335
-1.129194,-2.084519,-0.4471695,-0.95535356,-0.4513958,-0.96589434
2.1963868,-0.5934494,1.1459179,-0.4236213,1.1545634,-0.42182314
-0.411301,0.1604087,-0.21106067,0.117395714,-0.2186913,0.11770894
-0.9469161,0.56282634,-0.28225124,0.07980919,-0.28642452,0.089501426
-0.27949712,-0.30330512,-0.27548757,-0.17513956,-0.2948159,-0.18323994
0.13466063,-0.11997298,0.036127347,0.032505613,0.03441624,0.026114482
-0.8938802,1.7089529,-0.44745165,0.71155787,-0.44948626,0.71603805
-0.39983582,-0.93458754,-0.13103455,-0.41476008,-0.13663138,-0.4259531
-0.45774382,0.36091894,-0.19487259,0.14414237,-0.19789803,0.1419183
-0.41452125,0.15615311,-0.21404628,0.11561523,-0.22116223,0.115715966
-0.47890052,-0.44607845,-0.2867385,-0.26269865,-0.28068173,-0.2621451
0.7352916,-0.81842273,0.3531102,-0.40530598,0.36120167,-0.41505584
-1.3056437,0.24340558,-0.9168786,0.1368771,-0.91084826,0.12871444
-0.8148626,0.24530272,-0.29384303,0.03412569,-0.30173293,0.037342314
1.2770642,-0.25450695,0.56264,-0.17960301,0.5798299,-0.18317719
0.9515542,-0.88902426,0.71226704,-0.7636004,0.7783539,-0.8548645
0.22866406,-0.7197343,0.11494655,-0.48271498,0.11369869,-0.47768128
1.2908406,-0.8545128,0.93843615,-0.72754574,0.939023,-0.7246805
0.92953116,0.4953905,0.6267704,0.19114088,0.6200369,0.19480495
-0.8365504,0.48566908,-0.26121163,0.0891621,-0.27028644,0.097575724
0.45016196,-0.11517515,0.036678847,0.02058456,0.05143992,0.020080173
0.8658405,-1.376798,0.59784204,-0.98417705,0.5983702,-0.98479056
0.024824863,0.6232611,-0.027267782,0.15706892,-0.022982683,0.16325988
-0.390432,-0.7065413,-0.18131901,-0.38023728,-0.18217738,-0.3854477
0.21016788,1.1504992,0.16140942,0.72809064,0.1536486,0.733408
-0.036657076,0.2848309,0.0024565756,0.113074325,0.010533426,0.1106564
0.6611799,0.8906662,0.4776873,0.5218725,0.46390307,0.52429956
-0.69745183,0.59919447,-0.2273364,0.121508904,-0.23645848,0.12986718
0.70353866,-0.14330207,0.49898374,-0.27757585,0.49591723,-0.27035457
0.42665273,-0.7336449,0.2250768,-0.46366063,0.22756428,-0.46298024
-0.09605577,1.6310574,-0.087867424,0.78967655,-0.08878785,0.7913967
-0.43295768,-0.2987957,-0.31738353,-0.1794555,-0.307953,-0.1802807
0.86883026,0.048530824,0.5924524,-0.120140254,0.5897224,-0.11362232
0.8000341,-0.065350704,0.55234957,-0.20636348,0.54803216,-0.20047227
-0.16838422,0.6422045,-0.080524735,0.17290133,-0.0820292,0.17963564
0.27309847,-0.30975795,0.029977543,-0.088653326,0.034391444,-0.027321052
0.25862542,-1.4575336,0.19674918,-1.0982523,0.19998525,-1.0948005
0.6858253,-1.3479835,0.50358754,-1.0240269,0.50387377,-1.0237229
0.8249651,1.0928941,0.4524202,0.54778135,0.45341763,0.54942554
1.0588446,-0.13453414,0.5726822,-0.16812153,0.5766796,-0.16623536
-0.25680166,0.4190259,-0.10782006,0.16535,-0.11049845,0.16964215
-0.7696066,0.25945994,-0.28693742,0.04951929,-0.2924615,0.0525955
-1.2142929,1.1832508,-0.6644933,0.5612897,-0.66806537,0.5612584
-0.2892207,-0.36552018,-0.28490135,-0.242004,-0.27891585,-0.24514121
0.2105897,-1.3964618,0.1564908,-1.0999384,0.15946674,-1.095529
-1.6321173,0.6840335,-0.86119366,0.29018277,-0.865524,0.28772599
0.88708067,1.55401,0.3516402,0.6428448,0.35366586,0.648085
0.89137167,-0.078848004,0.5665548,-0.18760061,0.562027,-0.1830227
-0.8619854,1.1053842,-0.55026716,0.6508468,-0.55437833,0.64479697
-1.2316508,-0.36111778,-0.91789514,-0.3046411,-0.91377807,-0.30835745
1.5152073,0.07688769,0.631387,-0.057191104,0.63354516,-0.0558219
0.5387192,-0.13685006,0.12593463,-0.091556534,0.06132254,-0.008947336
1.2080547,0.11664857,0.61782265,-0.046997894,0.6213428,-0.043975916
0.4394704,1.0128537,0.31002158,0.58834183,0.32970753,0.6380017
0.542831,0.9201916,0.31610325,0.44549954,0.41218016,0.56014335
0.75421864,-1.0752454,0.59911823,-0.9781498,0.5965132,-0.9738906
0.91698664,0.16220623,0.6174783,-0.03827183,0.61361474,-0.032447193
0.5196428,-0.8466463,0.26335242,-0.44755167,0.26714385,-0.4565022
-0.7920086,1.2177409,-0.49224472,0.6869659,-0.4943757,0.6840949
0.5147822,1.3443812,0.2683817,0.6947985,0.26864687,0.69501597
0.7788365,-0.26805237,0.48688474,-0.29945812,0.48211846,-0.29774383
0.14924058,-0.7736919,0.06968837,-0.47968772,0.06936868,-0.47828862
-0.82847446,-0.4635696,-0.29374063,-0.23041241,-0.30438405,-0.23498139
-0.9735305,0.24431825,-0.3073864,0.009777967,-0.31901,0.01225188
-2.0446124,-2.2383835,-0.63807136,-0.8221657,-0.64695996,-0.83311915
0.08545621,-0.046077166,0.037754513,0.043456666,0.03366787,0.036925104
0.34555733,0.39591607,0.034277726,0.091241606,0.04449525,0.09204711
-1.4044673,0.2633968,-0.91898906,0.13523103,-0.91468054,0.12703735
-0.90848875,-0.8240027,-0.61652493,-0.57385415,-0.7232483,-0.68613803
-0.8720412,0.09036505,-0.31392792,-0.025376704,-0.3239288,-0.024003588
0.65099716,-0.6765102,0.3448415,-0.4104851,0.34823078,-0.41471145
2.855212,0.21485902,1.2308184,-0.15563388,1.2512391,-0.14448334
-1.6394032,1.4773055,-0.6992729,0.5284049,-0.70681936,0.53348315
-0.06909149,0.36662164,-0.018078392,0.13576972,-0.011333523,0.13806434
1.6209313,-0.66170293,1.0695155,-0.558168,1.0706491,-0.5582051
-1.078346,-0.28118643,-0.32987487,-0.14871071,-0.33917418,-0.15114793
0.37207276,-0.5304041,0.19914478,-0.46850863,0.2001679,-0.4617127
-1.6810831,-3.31883,-0.41208026,-0.99596804,-0.41800693,-1.0108286
0.062282763,0.3522296,0.014742384,0.11303938,0.020524628,0.11095812
1.9339389,1.5671002,0.55137825,0.4199492,0.5591789,0.43566433
-1.1322423,1.0642871,-0.6699773,0.5554264,-0.6717601,0.5540901
0.30330384,1.1966014,0.20122579,0.7293416,0.19706365,0.72230864
-0.014949497,-0.018857311,0.031155007,0.046477742,0.027976187,0.04132693
-0.44856015,0.35640943,-0.19223209,0.14484036,-0.1952658,0.14296289
1.0663227,-0.76694417,0.67746764,-0.565744,0.8621609,-0.77432036
-0.42197484,0.5309064,-0.16100496,0.16067678,-0.16510901,0.16325185
-1.6736225,-1.1034518,-0.80209816,-0.60910577,-0.8061183,-0.6134343
-0.38792726,-0.3491065,-0.30182981,-0.2213536,-0.2931454,-0.22253737
-0.81077015,-0.91484094,-0.5076869,-0.58948785,-0.65652484,-0.76066464
-0.601828,-0.78872216,-0.21227719,-0.35133797,-0.21814412,-0.36265102
-1.6807505,0.7690335,-0.8492755,0.3158147,-0.85371995,0.31503928
1.2394347,1.0959669,0.54167235,0.43569165,0.5419331,0.439775
0.043402057,-0.15467334,0.030775405,0.022738881,0.028067548,0.019665584
-0.08024087,0.6162837,-0.05093252,0.16730109,-0.05056992,0.17273891
1.0634372,0.289491,0.63042,0.04405842,0.6294569,0.046635237
1.5775236,0.104273215,0.8552996,-0.10975997,0.9928387,-0.141321
-0.08793954,0.8292632,-0.06435857,0.17220661,-0.065782584,0.18541338
-0.63052,0.78558296,-0.19721958,0.14835137,-0.20442104,0.15973113
1.4045472,0.516197,0.6332088,0.13481954,0.638707,0.14459091
0.89409155,-0.9966905,0.72079104,-0.9101189,0.7170807,-0.9059984
0.14697738,0.8155068,-0.026273642,0.15889919,-0.017686037,0.17224887
0.22943579,-0.5792578,0.104802236,-0.4807648,0.1066582,-0.47274685
0.06886514,2.0082428,-0.016422471,0.7863946,-0.01836788,0.7932541
-1.5612991,-0.13457529,-0.9441934,-0.14240362,-0.94415134,-0.14564297
0.79499996,1.4615611,0.34365937,0.647344,0.34508288,0.6516685
-0.08998468,-1.9180412,-0.008423836,-1.0970098,-0.007970486,-1.1026477
0.99757415,-0.93515795,0.79360473,-0.8604796,0.7904461,-0.8539366
0.7061355,0.16100323,0.19300933,0.016286237,0.080344595,0.04336366
-0.21011077,0.9793131,-0.09413153,0.17501314,-0.09880435,0.19323802
-0.8675398,0.3969475,-0.27925012,0.0695965,-0.28506553,0.07798245
-0.99249125,-2.1122692,-0.39206043,-0.9854297,-0.3941795,-0.9964591
2.147637,-0.6876021,1.1285757,-0.459587,1.1360298,-0.45983422
0.10254043,-0.32722208,-0.018894918,-0.0763672,0.016851459,-0.030502187
-0.7252561,1.3684751,-0.43412447,0.71742,-0.43475044,0.7155707
1.2583289,0.6887536,0.6162756,0.24112873,0.6189027,0.24787895
-2.1667247,-0.50392824,-0.92837715,-0.28934088,-0.93619883,-0.29263502
1.7446983,0.29146004,1.2269225,-0.14914073,1.2263361,-0.13441998
-1.3654536,0.28920034,-0.91240203,0.15617236,-0.9080411,0.14831418
1.5961223,0.7459158,0.6251775,0.19817016,0.6337906,0.21142572
-0.23495209,1.5733641,-0.15841725,0.786449,-0.15973979,0.78766066
-1.3257439,0.25990263,-0.91527563,0.14590655,-0.90969867,0.13673517
-0.95631367,-0.8033138,-0.752785,-0.64816064,-0.74711543,-0.665352
-1.6493871,0.73235595,-0.8532047,0.30761844,-0.85755897,0.3058103
-0.021743339,0.8350962,-0.05323604,0.16881683,-0.052534085,0.18317915
0.6718183,2.0750456,0.18872888,0.7355903,0.19129948,0.7443138
-0.7655378,-1.226008,-0.52504843,-0.9025284,-0.5216066,-0.90129644
-0.7066899,-0.67339575,-0.25229615,-0.30618846,-0.26186568,-0.31427377
0.47703537,-1.8377764,0.31131843,-1.0815889,0.31398734,-1.0865486
0.7786275,-0.59647745,0.40981612,-0.36975676,0.41210523,-0.37345347
1.4579196,0.94203866,0.59615976,0.31575453,0.60169715,0.32387552
-0.81210345,-0.6879257,-0.26204604,-0.29681426,-0.27235067,-0.30685925
-0.46621168,1.39808,-0.29872164,0.7629632,-0.3002554,0.7620624
1.3665694,0.303605,0.6297207,0.038503185,0.6380487,0.04611761
-1.8169198,1.2163723,-0.77691114,0.43741614,-0.7835952,0.44108248
0.15605398,-0.94022495,0.09014485,-0.47471094,0.08953997,-0.4846982
-0.30652735,-0.5270363,-0.22699764,-0.3454903,-0.22017635,-0.34081495
0.48037404,-0.30654806,0.2935692,-0.38176894,0.3161152,-0.40671974
1.1524394,-1.1175393,0.81227064,-0.8465107,0.8108119,-0.8475528
0.91959417,-0.047518548,0.57785195,-0.16631068,0.5734483,-0.16115554
0.5895091,2.0512552,0.16400968,0.74455595,0.16690929,0.7528136
-0.29632902,0.6372169,-0.118808776,0.17069551,-0.12245918,0.17742828
-0.21272732,0.53461814,-0.09255456,0.17148545,-0.09479737,0.17534322
1.4525062,2.3707104,0.34015813,0.6535674,0.35062656,0.6676668
-0.78631496,-0.7297669,-0.25190884,-0.31205118,-0.2618489,-0.32283568
-1.8989471,0.26743224,-0.9329096,0.061270073,-0.93724173,0.062448975
-0.22407341,0.6236964,-0.09808356,0.17256297,-0.10082307,0.17910823
0.645499,-0.88860136,0.30798298,-0.4301549,0.3134006,-0.44125846
0.7807775,-1.5350591,0.5252739,-1.0184083,0.5232842,-1.0208359
1.9229401,0.9497794,0.62838197,0.1968015,0.64085937,0.21970485
1.8851885,0.6000361,1.2295991,-0.08679314,1.2378002,-0.05986739
1.3047811,1.5617386,0.45190614,0.5522422,0.45887423,0.560044
0.8671659,-0.0223547,0.5769798,-0.16549496,0.57162076,-0.16004631
0.41214257,-2.0252662,0.2645615,-1.0907912,0.26617247,-1.0974603
0.68342656,1.295915,0.34651524,0.64454216,0.3461828,0.6462865
0.57423514,0.298892,0.04342949,0.072127,0.059712883,0.07053966
-1.2241935,0.6194181,-0.8214469,0.3633764,-0.81908584,0.35844395
-1.2839087,-1.3021411,-0.68210334,-0.76669365,-0.68363816,-0.7695212
-0.027682953,-1.3667504,-0.018457964,-1.0926443,-0.0193731,-1.0887327
0.814641,0.8140026,0.54597366,0.4338287,0.5358439,0.4303681
0.90505075,-0.7193067,0.42489293,-0.357631,0.43306354,-0.3668691
0.5694027,2.1496444,0.14434098,0.75038844,0.14899057,0.7601103
-0.5732936,0.65623206,-0.19323847,0.14560792,-0.20070443,0.15479882
0.2026535,1.0176471,-0.025159596,0.18046346,-0.02130183,0.18769187
-0.5327321,-0.2745956,-0.32440904,-0.15974164,-0.31580633,-0.16164733
-1.618192,-0.8022666,-0.86052567,-0.4968315,-0.86318016,-0.49897254
0.40949562,-0.11142811,0.037711784,0.028714135,0.049273044,0.023431005
0.30716103,1.6707172,0.10878141,0.7613923,0.10603491,0.7651621
-0.78780234,-0.36551452,-0.3079179,-0.19448514,-0.31563717,-0.19807945
1.8677797,1.1912911,0.59741044,0.31171632,0.60751945,0.33055785
0.8387491,0.6077949,0.6057017,0.29078954,0.5956755,0.28948048
1.4804907,0.86163914,0.6111242,0.2710708,0.6156743,0.2823412
-0.38676107,-1.302186,-0.28103969,-1.032329,-0.27566358,-1.0287256
0.81379014,-0.16458857,0.52925235,-0.24794339,0.52418274,-0.24365482
0.7583886,1.2468942,0.38660336,0.6125193,0.386288,0.61564416
1.0475183,0.69845873,0.60024357,0.29500142,0.6000373,0.30041575
-0.4764054,0.43587694,-0.1900548,0.14863841,-0.19387254,0.14736223
0.9907712,-0.6129893,0.45953244,-0.32531238,0.47039005,-0.33176202
-0.42709053,-0.8033804,-0.17141494,-0.3879714,-0.17395326,-0.3967252
0.22578941,0.6453351,0.0056805396,0.13452542,0.015996274,0.14096814
-0.43715507,-0.078724734,-0.2859957,0.009395363,-0.29412583,0.0058902367
0.6029685,-0.42228547,0.3715541,-0.39868188,0.36858043,-0.39448646
-0.73645127,0.09440501,-0.31056288,-0.009252016,-0.31494698,-0.0061349208
-0.856355,0.6299063,-0.25232482,0.10384907,-0.261352,0.11387864
0.817623,-1.0900354,0.6396784,-0.95943713,0.63623214,-0.9566073
-1.7406293,1.7277656,-0.672178,0.55627126,-0.6817432,0.56348115
-0.61580986,-0.81164247,-0.21058999,-0.3541078,-0.2168113,-0.36588708
-0.3147872,-0.20183936,-0.24389446,-0.059608914,-0.29671425,-0.05766421
-0.063421644,0.42709497,-0.023522586,0.14540482,-0.019720579,0.14930947
1.7811242,-1.9035555,0.82602406,-0.83912885,0.83315367,-0.85033566
-0.10201721,-0.6744087,-0.09348962,-0.4417742,-0.08783494,-0.43747458
-1.9371243,-0.60240024,-0.91247755,-0.3546319,-0.91786873,-0.35768154
0.35806015,-1.6157359,0.26247448,-1.0891197,0.26264748,-1.0913384
2.7430084,-1.462293,1.070519,-0.5713635,1.0850152,-0.577627
0.96582985,-1.3056477,0.667801,-0.94734055,0.6667306,-0.94820035
-1.748813,-0.5912128,-0.90736276,-0.37269583,-0.9096251,-0.375856
-0.6662841,-0.79116535,-0.22354133,-0.34110123,-0.23124447,-0.35300076
0.83831406,0.6290745,0.6013561,0.3090071,0.59042543,0.30671865
-1.1745636,0.7055625,-0.7844656,0.42290276,-0.782411,0.41695687
3.086053,1.0449107,1.2527654,-0.047088485,1.2709922,-0.03052765
1.8789412,1.7903527,0.50726825,0.4892315,0.515063,0.5057315
-0.66249704,-0.45946145,-0.2912096,-0.23887311,-0.29615045,-0.2431049
-1.1873654,-0.4042727,-0.90520173,-0.33807677,-0.902998,-0.34236497
-0.15958223,-0.21362874,-0.08767656,-0.028880138,-0.044454396,-0.007352001
-0.5540837,1.3389734,-0.35481587,0.7466681,-0.35882974,0.7439354
0.83827984,1.9503514,0.26262933,0.7024135,0.2655688,0.7094633
-0.26595023,0.71702284,-0.11036832,0.17116657,-0.11333378,0.18125176
-0.20191173,0.25246346,-0.073571585,0.13587782,-0.066346005,0.14934799
-0.38028452,0.49741128,-0.15098149,0.1639528,-0.15386783,0.16541637
0.51672703,0.66446877,0.029872648,0.1126703,0.0458196,0.12030669
-0.18570994,-1.7889258,-0.072782084,-1.089368,-0.07491603,-1.0924374
-0.22990783,-0.3737029,-0.264824,-0.25141066,-0.26734075,-0.25965452
1.0427372,1.1560594,0.4911016,0.5021525,0.49352112,0.5074792
-0.15160072,-0.61141837,-0.13392425,-0.42152348,-0.12708507,-0.41580093
1.5220335,0.24391598,0.6247028,0.0032104442,0.6407496,0.007921488
0.41183296,-0.17386515,0.03528501,0.0034541488,0.048759717,0.009496057
0.21543393,-0.977099,0.12444613,-0.47412947,0.12410094,-0.48670176
0.39973697,1.1977158,0.25582135,0.7049583,0.2528126,0.6980954
-0.11248643,-1.1782316,-0.00837893,-0.5107655,-0.009097039,-0.49242145
0.5179462,1.1870481,0.3115595,0.6696538,0.30966616,0.6667989
0.2051585,-0.19158725,0.033664137,0.019036755,0.036094006,0.013094782
-0.3860315,0.49081385,-0.15365052,0.16306728,-0.15635657,0.16435958
0.34979147,-0.066796176,0.039573193,0.040445074,0.046924103,0.03224725
-0.00020171485,-0.061370343,0.032644816,0.038448766,0.028249169,0.034215767
0.55539083,1.2299114,0.31404784,0.666746,0.3137004,0.6657464
-0.54297626,-0.1199346,-0.3252784,-0.0629715,-0.3196094,-0.0656656
-1.3492309,1.4640491,-0.6366229,0.5886684,-0.64104587,0.5922352
1.6371782,0.63044757,0.6333471,0.13912483,0.6450308,0.15179388
-0.25100145,-1.243063,-0.20163187,-1.0477359,-0.20387015,-1.0478847
0.9339263,-1.1375716,0.6971618,-0.9280412,0.6956328,-0.9264587
-0.9003063,0.8918194,-0.63774043,0.57800865,-0.6394714,0.57163095
-1.2455758,-0.84257215,-0.8015501,-0.60472614,-0.79869956,-0.6082342
-0.61766076,2.3078153,-0.27750564,0.76936156,-0.28195867,0.781281
1.6211182,0.7038227,0.6293939,0.17362472,0.6391932,0.18829447
0.37407732,-1.1748015,0.21236657,-0.64483196,0.19027947,-0.5581939
0.15463044,0.18081172,0.038441855,0.07445529,0.038243648,0.06943599
-0.9644307,-3.1463995,-0.24198864,-1.058941,-0.24468619,-1.0749177
0.69140077,-0.64340216,0.36892313,-0.39723948,0.3713307,-0.40065315
-1.4870646,2.0530047,-0.56190675,0.64700544,-0.5698867,0.6563229
-0.6034954,1.9888648,-0.2988732,0.76469225,-0.30185315,0.7723718
0.081265844,0.52231556,-0.0026870193,0.13879353,0.003325082,0.14143148
0.38333046,-0.9359168,0.19761074,-0.46597487,0.19974393,-0.47734085
0.03694633,-0.1801694,0.027504891,0.016043007,0.026370281,0.014582418
1.24466,-0.6290652,0.98449415,-0.65974766,0.98559755,-0.6565979
-0.9943159,-1.2619529,-0.6040649,-0.83987534,-0.6026441,-0.8420562
-0.5921719,-0.47935927,-0.28457493,-0.25805718,-0.28670475,-0.259931
-0.6841012,0.41236216,-0.24457873,0.104818426,-0.2526066,0.107392736
-1.260038,-2.2377636,-0.45665228,-0.9503552,-0.46263713,-0.9623403
0.8931935,0.6258098,0.608009,0.28793702,0.5982591,0.2901193
-0.794353,1.0635601,-0.535418,0.6613365,-0.53920764,0.65238917
-1.5374763,0.12692787,-0.9365473,0.023706952,-0.9378344,0.019593066
-1.1792994,-1.2602806,-0.66647375,-0.7820547,-0.66616577,-0.7852775
0.29021758,0.91720957,-0.009274144,0.15566051,0.0004852948,0.17167991
1.0343409,0.39421195,0.63259363,0.10935613,0.6302608,0.113072716
0.45014292,-0.6329078,0.24453992,-0.4599173,0.24644314,-0.45468846
-0.096996546,1.5708343,-0.08679879,0.7895398,-0.08676216,0.7903247
1.3003983,2.2998807,0.32007843,0.66657907,0.32887402,0.6797573
-0.9867153,0.26328653,-0.30660087,0.014621321,-0.31853163,0.016768398
0.27992606,0.6460438,0.012084741,0.12855728,0.023737332,0.1347583
1.1399219,-0.36052746,0.53677195,-0.22972149,0.54680485,-0.23458765
-0.23527667,-0.6239046,-0.15833646,-0.40269297,-0.15327875,-0.40051225
-3.0622692,2.4055884,-0.767026,0.48798695,-0.7808713,0.49385488
1.1703125,-0.63555855,0.6516436,-0.41930926,0.6009699,-0.36945263
-0.401793,0.40289468,-0.16887523,0.15640293,-0.17087965,0.15557328
-0.31233978,0.7738507,-0.12256418,0.16962087,-0.12530567,0.18169667
0.1548518,0.1852741,0.038233466,0.075109676,0.038179748,0.07015003
-1.1142288,0.17335208,-0.34277958,-0.015301015,-0.33975947,-0.021350948
-0.17907117,-0.53287816,-0.18060797,-0.38570857,-0.1714922,-0.3814086
0.15714595,-0.13606775,0.03571894,0.030206315,0.03516232,0.023456262
0.34977546,0.8293458,0.0050625093,0.14290835,0.017088568,0.15633917
-0.12474226,0.21926773,-0.026728626,0.11493631,-0.011798648,0.11598067
-1.2160351,1.7968434,-0.5337325,0.66447496,-0.54027444,0.6703203
-1.3315878,-0.7518581,-0.84216315,-0.5316459,-0.84043556,-0.5332946
0.5658535,1.2821076,0.3056862,0.6720966,0.30471644,0.6729027
-0.28197625,-0.6877073,-0.15189451,-0.40391302,-0.15029582,-0.40562448
0.27127916,2.463153,0.027984394,0.7799432,0.028489528,0.7934069
0.34762186,0.8973309,0.0017713954,0.15154363,0.012047534,0.16562153
0.9360519,1.3326657,0.41965622,0.58267987,0.42160156,0.5883844
-1.3843902,0.07532608,-0.93832177,0.0045860424,-0.9355913,0.0021752785
-0.2914947,-0.65741736,-0.16263227,-0.39658424,-0.16139825,-0.39709166
0.9592767,-0.645926,0.4487485,-0.33605108,0.45822966,-0.34339774
-0.18685237,1.5685837,-0.1336599,0.78776413,-0.13557096,0.7890232
0.24876001,0.19216454,0.0414801,0.0712228,0.043643046,0.06683262
-1.0882012,0.94806725,-0.6883323,0.5374244,-0.688019,0.53476995
0.13584165,-0.99578786,0.083769016,-0.47532582,0.083188735,-0.48657113
-0.32438183,-0.19766636,-0.25077236,-0.05809687,-0.29849103,-0.056431063
-0.7719992,0.7611728,-0.22805434,0.13466987,-0.23643805,0.14079565
0.24636845,1.0561745,0.047375612,0.33608836,-0.012409806,0.20326701
-0.7322638,-0.8187732,-0.23369068,-0.33891505,-0.24140558,-0.3489478
0.19947217,-2.4652538,0.14710525,-1.1018767,0.1480674,-1.1138672
-0.29066342,2.562263,-0.1595808,0.7902577,-0.16052292,0.8031156
-0.6444483,-0.6001497,-0.2633275,-0.29103094,-0.26787326,-0.29921427
-0.07972986,-0.86833626,-0.033186775,-0.46058565,-0.03265529,-0.4648261
1.0422584,1.059264,0.5161697,0.4688413,0.5175836,0.47287247
0.67279935,-0.029910805,0.3977798,-0.17861648,0.49604654,-0.23050238
0.931373,0.4806684,0.6272592,0.18097901,0.62149054,0.1847504
1.0794657,-0.460416,0.5082189,-0.27322364,0.51632124,-0.27815115
-0.29545367,-1.5848235,-0.17279278,-1.0674157,-0.17136572,-1.0684756
1.08449,-0.55462533,0.4907608,-0.29304516,0.5008455,-0.30105275
-0.08674165,0.01981982,0.012755051,0.05856146,0.02055637,0.051943686
1.2478901,1.2054282,0.5182471,0.47066018,0.51997536,0.47684333
-0.6352348,0.580548,-0.21705776,0.12904805,-0.22343501,0.13813578
-0.23417167,1.7065004,-0.15874793,0.7876026,-0.15947609,0.79033154
0.93928224,-0.19425893,0.54383826,-0.22339484,0.543529,-0.2213187
1.3066164,0.43902755,0.63254243,0.11267546,0.6378791,0.11976943
1.3643702,-0.0675168,0.5933702,-0.10730329,0.61073625,-0.107489996
-0.42267567,0.21289752,-0.2066425,0.12657773,-0.21184121,0.12578925
1.4021659,-0.19374524,0.62316906,-0.1536105,0.60371983,-0.1545549
1.4297365,0.11302077,0.61444896,-0.04157543,0.6299302,-0.039115183
0.77400494,0.82263255,0.5341217,0.45352376,0.5230727,0.44914958
-0.25683585,1.7707224,-0.16937342,0.7872743,-0.16938119,0.7907909
1.0983514,0.33298457,0.63212484,0.06914978,0.6318589,0.07156981
1.6090354,0.9434087,0.6074164,0.2813637,0.61481625,0.2941059
0.04545905,-0.3558557,-0.07224473,-0.15342866,-0.06775697,-0.11728772
0.96873575,-0.9484584,0.77604055,-0.8736887,0.7711276,-0.86813295
-0.36968574,1.0110657,-0.14065397,0.1864426,-0.14115986,0.19236173
1.2889274,-0.77844375,0.95831996,-0.70188636,0.95821756,-0.70063245
-0.4443263,-1.4476184,-0.28384575,-1.0315421,-0.2817918,-1.0310879
2.968333,-1.5775751,1.0781763,-0.5693635,1.0927677,-0.5751494
-0.10965,-0.95145,-0.0317544,-0.45789853,-0.032336842,-0.46826044
1.0143112,-0.5340462,0.4815741,-0.30362216,0.4889464,-0.3097431
0.60488766,-0.03812902,0.11371624,-0.03833728,0.065052435,0.013932948
0.40010744,0.2611859,0.04122255,0.07298493,0.050642937,0.07039539
-0.68861747,1.3717157,-0.41676083,0.7239462,-0.4181887,0.7225437
2.0273175,0.638886,1.2487206,-0.075574145,1.246059,-0.058796376
0.02573243,-1.4051489,0.018655734,-1.0973542,0.020073973,-1.0935777
-0.727555,-0.4403319,-0.296004,-0.22595268,-0.3031768,-0.23002626
-0.6473287,-0.6264944,-0.25709495,-0.2995553,-0.2623973,-0.3082808
0.08879268,1.2087834,0.06227422,0.7708961,0.057526212,0.7637816
2.2500043,-0.1428502,1.2022024,-0.27488375,1.2112772,-0.2690892
-0.6365938,0.14304793,-0.2951559,0.03887984,-0.29384723,0.038258456
0.9047135,1.5313685,0.36162785,0.63538253,0.36408812,0.6401398
-0.8863064,0.6464666,-0.26164737,0.10347307,-0.2666443,0.11175575
-1.104132,-0.6189469,-0.84658647,-0.50740993,-0.8402352,-0.51360726
-0.22576489,-0.6094649,-0.16140635,-0.4007842,-0.15476453,-0.3987775
0.0658629,-0.1157018,0.034644395,0.0315917,0.030831095,0.026574347
-1.0142664,0.092868045,-0.3185518,-0.03793636,-0.33170307,-0.034704946
-0.4442369,-1.518773,-0.2701652,-1.0365078,-0.26818454,-1.037735
1.4344721,-0.19775482,0.9358152,-0.27306938,1.1262169,-0.3692363
1.457104,-0.07976432,0.65518147,-0.11689506,0.62021744,-0.11497269
1.5641038,-0.12007305,1.1811875,-0.33408582,1.1740342,-0.32828012
-0.43860796,-0.66323805,-0.20813945,-0.35767156,-0.2082667,-0.36186615
-2.3148718,1.4587306,-0.79934967,0.4068265,-0.8119339,0.41341946
-0.569713,-1.263474,-0.40971115,-0.9728431,-0.40388367,-0.9726487
0.8947223,-0.6976663,0.42654303,-0.35557723,0.43326905,-0.36512488
0.15373422,-0.68409693,0.063775375,-0.48022687,0.06534868,-0.4749501
-0.7094747,-0.09934759,-0.32456967,-0.07968675,-0.32712528,-0.08237933
-0.9008332,2.3532848,-0.3646027,0.7449327,-0.37061906,0.75758797
1.0386964,2.0496879,0.30224994,0.677833,0.30589145,0.68860465
1.8495913,0.2112067,1.2306395,-0.17553768,1.2262508,-0.16852628
0.3619304,-1.6820252,0.26011336,-1.0898023,0.26041508,-1.0928769
1.1497382,0.79421467,0.5915197,0.32043085,0.59350103,0.32666373
1.3889301,-0.18380351,0.59664243,-0.14531162,0.60083014,-0.15224037
-0.35060167,0.009083078,-0.19796017,0.07383076,-0.2287653,0.09216193
0.9389529,0.30235597,0.6309815,0.057079382,0.6260233,0.05937361
0.518042,-0.90926486,0.25682452,-0.44946724,0.2607232,-0.46126327
0.33277708,0.90837747,-0.0009770617,0.15342811,0.008866177,0.1679278
-1.7332214,-0.25035617,-0.94033027,-0.20351923,-0.9425382,-0.20763619
0.7231307,0.5217677,0.19477767,0.13745259,0.08198829,0.09743827
0.92372894,-0.09376026,0.56711483,-0.1875081,0.5639006,-0.18189448
0.17845123,0.48649892,0.017260842,0.12015675,0.024707971,0.12077505
-1.5643764,0.02580307,-0.94320977,-0.039380185,-0.9440461,-0.043675877
0.04234226,-1.994296,0.062450413,-1.1027794,0.06455367,-1.1083924
0.20036778,-0.39135492,0.00550225,-0.30610174,-0.02745862,-0.40015957
-0.014461975,0.07229062,0.028743612,0.064588085,0.027806403,0.058863163
-1.1348234,1.9218525,-0.49089035,0.68899703,-0.4975096,0.6966052
1.4982488,-0.5428849,1.0792301,-0.54344547,1.0762502,-0.5405101
-0.31766817,3.3818183,-0.15752472,0.80329394,-0.1595683,0.8186986
0.33474165,0.65680325,0.016494403,0.12455305,0.029279973,0.13127641
1.0583357,-1.1916623,0.744579,-0.898624,0.7422364,-0.899085
0.61236477,-1.0124121,0.2798801,-0.45178622,0.28472874,-0.46148995
-2.0931063,1.3360621,-0.79171455,0.41632476,-0.8028434,0.42079294
-1.1392651,0.28608996,-0.5639986,0.08899545,-0.6914837,0.12605399
0.84630865,-0.4727951,0.4567159,-0.32917333,0.45662415,-0.33253968
-0.0825203,-1.9156066,-0.0047231647,-1.0972946,-0.0041865977,-1.1029595
1.3254967,1.0018282,0.57293284,0.37455216,0.5756793,0.37983504
-0.77275366,-0.8743206,-0.2584837,-0.36248928,-0.24466307,-0.35995364
-0.09136491,-0.5129539,-0.15585849,-0.4012208,-0.14551921,-0.3972777
1.0389745,0.78165334,0.58400345,0.34145004,0.58349186,0.34621537
0.6132614,-0.85181725,0.30230978,-0.43438885,0.30474344,-0.44283503
-1.7105595,-0.31117287,-0.93553406,-0.23940833,-0.93757933,-0.24353354
1.8379472,-1.5407566,0.91169703,-0.76136583,0.918475,-0.76745296
0.011049513,0.5103038,-0.015890576,0.14663652,-0.010483131,0.150266
0.5781955,1.2243049,0.3241254,0.6603082,0.3239513,0.6590361
1.6088543,-1.1128944,0.95187134,-0.7172691,0.95523703,-0.7190023
0.048237402,-1.083187,0.05018878,-0.47533217,0.04907906,-0.488443
0.41044322,-0.9141583,0.21169266,-0.4626369,0.21445791,-0.47357664
0.87549573,-0.056742173,0.5698356,-0.18083806,0.564688,-0.17616844
-0.24043499,1.4898937,-0.16318586,0.7848052,-0.1652421,0.7855752
-0.06071047,-0.28158593,-0.059001837,-0.058283016,-0.009474059,-0.027509658
1.1816427,0.7103548,0.60854876,0.26803416,0.610829,0.27451652
1.5754284,1.5912312,0.4908547,0.50540745,0.50074255,0.5159647
-0.3643284,-1.1892685,-0.28024918,-0.9404261,-0.29608577,-1.0121781
-0.7130894,1.1074749,-0.48405036,0.69229513,-0.48520404,0.6846554
1.8308339,0.8623686,0.6291705,0.18939908,0.64114416,0.20802607
1.383314,-1.1810769,0.87474674,-0.79449254,0.87626654,-0.7966485
0.44649345,0.9535123,0.12609452,0.2909294,0.034042012,0.18042506
0.27609843,1.4486539,0.12818292,0.7532841,0.12720688,0.7544307
0.4161131,0.9305974,0.031949833,0.17878583,0.021818252,0.16850474
-0.69110936,-0.16272186,-0.3266887,-0.10537143,-0.32661045,-0.10764295
-0.6165557,-0.93521845,-0.19267356,-0.3794053,-0.19625416,-0.393456
-0.65481675,-2.0615911,-0.26838323,-1.0403575,-0.26914445,-1.0474
-0.38929397,0.44766057,-0.15919535,0.160982,-0.16131406,0.16089024
0.55810297,0.3856642,0.041838042,0.08016773,0.05805063,0.080962695
-1.4603982,0.21361314,-0.92680836,0.09350369,-0.92484844,0.08631143
-1.679919,-1.0651486,-0.8111357,-0.59395045,-0.8150962,-0.59798855
0.5252961,-1.5500405,0.3641657,-1.07123,0.36502174,-1.0705096
-0.66079384,0.29892117,-0.2619918,0.08587418,-0.26608312,0.08732762
0.16054277,-2.0814204,0.12612896,-1.1025066,0.1264934,-1.1096991
0.051727835,-1.2296357,0.037029855,-0.77960765,0.024175953,-1.0719216
0.61241174,1.0841347,0.38389617,0.62010217,0.3776995,0.6161145
1.4350603,0.52683526,0.633314,0.1337954,0.63945484,0.14436229
-0.007002902,1.3862804,-0.020016873,0.7850393,-0.022516003,0.7828723
-0.62779456,1.2109909,-0.4183965,0.7232091,-0.4192794,0.71769017
0.8020233,-0.5517389,0.42694554,-0.35682005,0.42788523,-0.3597061
-1.1286806,-0.035525616,-0.33723965,-0.0765377,-0.34465417,-0.077419125
-0.31144932,0.3540915,-0.13512695,0.15844744,-0.13521801,0.1628854
1.4566702,0.2103047,0.6223342,-0.005023106,0.63706946,-0.0016365306
-0.9511154,-1.2118238,-0.605518,-0.8386181,-0.60216033,-0.84056836
0.069788046,0.5522862,-0.008436316,0.14434198,-0.0029196173,0.14809947
1.0170531,1.7124144,0.35472488,0.6412668,0.35809803,0.64853835
-1.3528267,0.5029659,-0.87334055,0.26301098,-0.87079614,0.2594801
-1.3571701,0.07576991,-0.9378096,0.0104718795,-0.9341514,0.0061550713
-1.6138886,-0.28763685,-0.93653923,-0.23115233,-0.93722314,-0.23420751
0.10026906,-0.09585697,0.036445208,0.03584478,0.0332656,0.029727597
2.0236986,-1.4851483,0.9618125,-0.7052605,0.97094303,-0.7129583
0.35091785,-0.7418349,0.18477757,-0.47236973,0.18545777,-0.4716091
0.05457975,0.6768824,-0.028675674,0.15882124,-0.02282121,0.16638921
0.1963838,-0.4746087,0.042915665,-0.4592003,0.047330588,-0.4606334
-0.9136016,-1.888694,-0.40620056,-0.97916967,-0.40593305,-0.9863983
-0.02344017,-2.4840083,0.048644084,-1.1023128,0.04890358,-1.1146725
-1.2891648,0.21641533,-0.9194243,0.121755205,-0.9135588,0.11355543
-1.401697,1.9082223,-0.5631234,0.64548486,-0.57028544,0.6532071
-0.3158179,-0.6073848,-0.19038555,-0.37572888,-0.18853755,-0.37413195
0.34862325,0.023594888,0.041364327,0.051033504,0.047904447,0.04392324
0.29176265,-0.07694333,0.039132547,0.04004739,0.043707874,0.031559568
-1.5880181,-0.4691827,-0.91785717,-0.33323798,-0.9179969,-0.3357309
-0.81313366,-1.6640787,-0.41396746,-0.9743702,-0.41287303,-0.97876143
0.17145842,-0.039000165,0.03986045,0.04539456,0.038128063,0.037644237
0.80105203,-0.7147885,0.39635307,-0.3782774,0.40129265,-0.3870585
1.3803298,0.20551828,0.62235075,-0.0069121122,0.6341841,-0.0028742477
0.0927436,-0.42029727,-0.0728804,-0.3353657,-0.102595,-0.39667523
-0.8788481,-0.35941687,-0.30932975,-0.18733408,-0.32010782,-0.19159389
-0.39603102,0.5457675,-0.15204708,0.16379707,-0.15568501,0.16696319
-0.5827108,1.6645622,-0.32331613,0.7576859,-0.32582715,0.76083237
0.68784744,-1.3756326,0.49874005,-1.0258751,0.4986003,-1.0264804
1.1245539,1.9142034,0.34402964,0.64887804,0.3493877,0.65871465
1.2280602,1.4103789,0.46831632,0.534859,0.4727709,0.5408911
-0.10675473,-0.30781415,-0.12618113,-0.11517079,-0.15107948,-0.10993636
-0.7147326,0.17970024,-0.29631054,0.031455822,-0.2994704,0.03259824
0.572958,1.8052384,0.19604325,0.73259544,0.19767354,0.73743486
0.8022673,-1.0219458,0.64114654,-0.92757,0.6419289,-0.9474264
-0.31008092,-0.21366799,-0.24740157,-0.07120276,-0.29916528,-0.0725825
-1.014553,-1.8564409,-0.45513734,-0.9529133,-0.45640108,-0.95894253
1.1148345,-0.4524143,0.5155699,-0.26295447,0.5243592,-0.26954997
-0.46307746,1.0150658,-0.18159708,0.2297251,-0.1639722,0.19191018
-1.1915596,1.5810024,-0.5668077,0.6428058,-0.57189685,0.6454853
-1.7096391,-0.45480627,-0.9226612,-0.31249306,-0.9247388,-0.31615496
-1.872316,1.7687596,-0.6877612,0.5415368,-0.69829196,0.5492103
0.56736916,-0.7980009,0.2887843,-0.4384233,0.2914279,-0.44574744
-1.1843168,-0.1884441,-0.6189723,-0.1566303,-0.66881484,-0.16613062
-0.7917061,0.9576589,-0.5670694,0.63028073,-0.56952786,0.62556
0.96831787,-1.3710614,0.65355825,-0.9562044,0.652781,-0.9574386
-0.87495506,-0.49533063,-0.2919991,-0.23660523,-0.3029666,-0.2439264
0.32809052,-1.3582872,0.25267088,-1.0888145,0.25636983,-1.0853467
0.92871153,0.97050756,0.5189131,0.46612734,0.5181599,0.46703312
0.94612485,-0.68648356,0.43912852,-0.34486106,0.44868633,-0.35344726
-1.0565392,0.7838761,-0.72812593,0.4953196,-0.7251817,0.48875472
0.8507524,-0.7209238,0.41126084,-0.36777008,0.41657373,-0.37787628
0.26585585,0.81339383,-0.0065998994,0.14865592,0.0047546206,0.16161579
-0.91474897,1.0106481,-0.60439783,0.6100274,-0.6061253,0.6051447
1.5271978,0.7800317,0.62062573,0.22668138,0.62665755,0.23754904
-0.09744412,-1.0441654,-0.015041528,-0.46215636,-0.016185697,-0.47621474
-1.4358248,-1.4619318,-0.676134,-0.77324045,-0.67855597,-0.77954954
-0.69419974,0.79870546,-0.20935443,0.14563835,-0.21919163,0.15365401
-1.1092702,-1.2327671,-0.6536906,-0.7939551,-0.6526431,-0.79718924
1.6989292,-1.0768962,0.98230803,-0.68133277,0.9858872,-0.6845464
0.18872574,0.6309288,0.0019662688,0.13734783,0.011178371,0.14365244
1.0430479,0.92178726,0.5539973,0.41031703,0.5522288,0.413583
0.14738047,1.3956479,0.06402681,0.76885486,0.0640785,0.76966935
1.1241941,1.510328,0.4279383,0.5782578,0.43169957,0.5846686
-0.84124523,0.7566289,-0.26078677,0.14910966,-0.2516608,0.13418014
2.2286577,-0.76203,1.1241236,-0.4673576,1.1328989,-0.46909973
-0.0035202005,-2.1638794,0.04838556,-1.1020507,0.048636723,-1.1100614
-0.7364383,1.5166676,-0.4140585,0.7258475,-0.4161723,0.7266078
-0.41099653,1.2462717,-0.28564876,0.7665811,-0.28593892,0.76146615
-0.22795404,0.7139845,-0.09958628,0.1723319,-0.10279779,0.18216926
-1.379364,0.94320303,-0.7674167,0.44785187,-0.77000445,0.44629845
-0.07093628,-0.92510223,-0.019603552,-0.46216372,-0.02050074,-0.47021
0.1127837,-0.41760403,-0.055682726,-0.33139992,-0.08896875,-0.40137377
0.0357767,0.21396065,0.02533948,0.08894419,0.027754799,0.08399557
-0.00059771386,-0.04127433,0.032905214,0.042278364,0.028711779,0.03742875
-2.2883878,0.6568448,-0.9024658,0.18181728,-0.91461164,0.18307126
0.44414103,-1.0017335,0.22183347,-0.46249202,0.22576344,-0.4754119
-0.18971124,-0.78029823,-0.10099629,-0.433965,-0.09964383,-0.43601236
0.22435693,-0.81771046,0.11837843,-0.47789103,0.117586076,-0.4808877
0.67356104,0.35959643,0.049475938,0.07481244,0.06717838,0.07473314
-1.0895556,-0.48759067,-0.55316705,-0.29344693,-0.436027,-0.25278974
-0.09081035,0.9778669,-0.07094523,0.17447567,-0.07148627,0.19307743
0.8761607,-0.5975049,0.44068223,-0.34547022,0.44293764,-0.35126233
0.82045996,-1.01758,0.6573473,-0.93243074,0.6578212,-0.93927157
1.7458857,0.42160833,0.9059031,-0.034432825,1.161083,-0.09290094
-0.8745698,0.7257841,-0.27970994,0.14818195,-0.26117513,0.12590563
-0.54904574,1.901841,-0.28446153,0.7688504,-0.2866066,0.77478594
0.7685928,-0.13465281,0.5249028,-0.25005302,0.5208332,-0.24375078
1.1442629,0.265911,0.62905514,0.033301584,0.6311546,0.035954222
-0.5871938,-1.5400313,-0.3358267,-1.0100884,-0.3356842,-1.0124347
0.6158078,0.014374423,0.06507766,0.010331677,0.06364662,0.02875621
0.5980587,-1.5232053,0.41249833,-1.0567663,0.4124903,-1.0571587
-0.007369968,-0.64168066,-0.05592349,-0.45776346,-0.048672386,-0.4520362
-0.25705114,0.3375569,-0.10712379,0.15572427,-0.10948118,0.16470912
-0.40613213,-1.9969522,-0.16473363,-1.0708064,-0.16645485,-1.0767277
-0.79619783,0.938972,-0.5716226,0.6217439,-0.5763516,0.6190005
0.7512119,-1.4937056,0.5148984,-1.0214001,0.51341814,-1.0238917
-1.767682,-0.1569629,-0.9452367,-0.15070018,-0.9473152,-0.15626636
-0.79399246,-0.46550995,-0.29235303,-0.23312922,-0.30214483,-0.23774046
-0.66813284,-0.51933646,-0.27976167,-0.26333085,-0.2859641,-0.26796037
0.96122926,-1.2661093,0.67485,-0.94276977,0.67384833,-0.94323885
0.8265097,0.08591247,0.59370553,-0.10486709,0.59201497,-0.09648198
1.4901748,0.5942959,0.6307218,0.1537262,0.63893294,0.16484372
0.0028475916,1.4345015,-0.019562498,0.7849478,-0.02156353,0.7839341
-0.44947246,0.7484631,-0.15887669,0.16018052,-0.16306098,0.17291188
0.07322313,-0.09338727,0.0357699,0.035665736,0.031855326,0.029952569
0.058776867,-0.2945273,-0.004235384,-0.03442656,0.018191697,-0.015348114
-0.45434517,-0.6940444,-0.20268841,-0.36169165,-0.2040613,-0.3675834
-2.6524131,-0.24786925,-0.9465417,-0.16864228,-0.9593571,-0.17034073
0.73853195,-1.1028833,0.58488774,-0.98745584,0.58218014,-0.9821775
0.3945802,1.3056136,0.22064772,0.7191476,0.21875948,0.71794105
-1.0944525,-1.8348396,-0.48804244,-0.93195313,-0.4893324,-0.93863845
-0.3807678,0.21140318,-0.18416826,0.13313164,-0.19184203,0.1357066
1.524272,-1.2707607,0.8951887,-0.77620584,0.8976705,-0.7800619
-1.937247,0.7380891,-0.8759255,0.25566983,-0.8845384,0.2559823
-0.050645616,0.5697368,-0.036359094,0.15981685,-0.03575043,0.165464
-0.6741423,1.1795238,-0.44769704,0.71054775,-0.44755366,0.70474416
0.7660039,-0.47373447,0.4320261,-0.3535943,0.43185598,-0.3522327
0.7705943,-0.08835077,0.53868455,-0.22685146,0.5341242,-0.2217145
0.64859366,0.90017444,0.47030643,0.5301831,0.4563077,0.5328514
-0.6504498,-0.71738255,-0.23420939,-0.32757854,-0.24151517,-0.3376393
0.4772083,-0.14244452,0.042930223,-0.006172329,0.05334818,0.009403789
-0.4513464,0.6671383,-0.16214904,0.15838417,-0.1664089,0.16862607
0.113071725,-0.40074718,-0.053842876,-0.27642676,-0.1093993,-0.36272877
-0.6340284,0.14672907,-0.29374665,0.04126735,-0.29257554,0.040618382
-0.63466924,0.27628186,-0.2623036,0.086010374,-0.26501667,0.086537085
-0.41491887,0.59264696,-0.15511997,0.1619991,-0.15865427,0.16807151
0.55265963,0.7768066,0.040835746,0.13831279,0.045235742,0.13878988
-1.0325029,1.08395,-0.6274901,0.5920963,-0.6293349,0.59070957
-1.1241838,0.16292483,-0.3490522,-0.016912395,-0.34225807,-0.024852443
1.0658517,-0.46608815,0.50516933,-0.27720165,0.5127236,-0.28212395
-0.75714606,-0.6234865,-0.26779816,-0.28380957,-0.27731735,-0.2914745
0.34569472,-0.7179768,0.18234172,-0.47490722,0.18259457,-0.4712215
0.13709758,-0.112533815,0.036471475,0.03383602,0.03473341,0.027249798
-0.16329825,-0.65418565,-0.122671165,-0.427275,-0.11846262,-0.42220855
0.76640487,0.048728876,0.56386757,-0.14466897,0.5713444,-0.1394693
0.23900242,-0.06393281,0.039396375,0.042092755,0.04114201,0.03383247
0.38741603,-0.56813604,0.20867322,-0.46729904,0.21005844,-0.46136808
-0.55134,-0.8911753,-0.18144278,-0.38301888,-0.18854107,-0.39319837
-1.3804709,-1.1318561,-0.7509435,-0.6824328,-0.7512959,-0.68833435
-0.40733692,1.1625843,-0.30382964,0.7595781,-0.29568592,0.75482845
-0.43490455,0.3318373,-0.19178544,0.14342691,-0.19425963,0.14208907
1.2407875,-0.9985829,0.8792292,-0.78840494,0.87903535,-0.7877894
-0.032994986,-2.1096237,0.030470276,-1.1018686,0.031971496,-1.1085737
0.093731575,0.48929477,0.0036149435,0.13254246,0.010024651,0.13369977
-1.2539248,-0.7196497,-0.8415035,-0.53419065,-0.8372191,-0.5344808
-1.2218257,-0.31324133,-0.91971755,-0.26982817,-0.918753,-0.27402112
-0.6616748,2.0340993,-0.31652862,0.7597468,-0.32078642,0.7680464
2.6925533,-0.07832942,1.2139332,-0.22464983,1.2317878,-0.2193576
-1.8182747,0.16570266,-0.9380659,0.025139341,-0.94251806,0.023590943
-3.2214632,-1.7061965,-0.8616241,-0.54164994,-0.8729946,-0.55032027
-1.3688922,-0.5575361,-0.8937696,-0.41028103,-0.8903839,-0.41332635
-0.5331009,0.42770964,-0.21020643,0.1381242,-0.21382537,0.13644496
1.34454,0.58737326,0.6277066,0.17909345,0.63256997,0.18733244
0.5300133,0.08561809,0.04117619,0.05088727,0.056778535,0.046764903
-0.5105688,-1.9632533,-0.22233962,-1.0551187,-0.22279477,-1.0609952
0.47148913,-0.39270347,0.28808075,-0.43341243,0.29218063,-0.42778465
-0.76215047,0.04829462,-0.31518582,-0.027914094,-0.32113478,-0.026546314
-1.2019281,1.2162654,-0.65175086,0.57285017,-0.6556223,0.57330406
-0.60312545,-0.2801406,-0.32162538,-0.15899937,-0.3180873,-0.16265132
0.21679395,-0.08780331,0.0385095,0.03883756,0.039489128,0.030577183
2.6670403,-0.55755645,1.1785455,-0.34302536,1.1931715,-0.3454199
1.8912165,0.57215416,1.2417305,-0.08726896,1.239189,-0.065329745
0.3740059,1.2385463,0.22782353,0.71771365,0.22593786,0.712429
-3.9379544,-0.50204587,-0.96698,-0.20425254,-0.98237395,-0.20749184
0.45212823,-1.9745764,0.2902632,-1.0864538,0.29158738,-1.0926228
-0.6149437,1.6742423,-0.33661315,0.7534662,-0.33981088,0.7570605
0.039967965,-1.6887417,0.053245034,-1.1016383,0.0560635,-1.1027197
-1.24796,1.1080451,-0.6947895,0.5324284,-0.6974648,0.53174084
1.0827372,1.3386037,0.45623714,0.5482216,0.45956782,0.55238545
1.8638613,-1.3179966,0.966502,-0.70118386,0.9717322,-0.7072325
-0.7301713,1.0222296,-0.51588744,0.6687208,-0.51830614,0.66184556
-0.89964414,-0.61452204,-0.2818669,-0.26479512,-0.29343528,-0.27424482
0.8711562,-1.4150261,0.5929349,-0.987053,0.5936423,-0.9879793
-0.7390876,-0.0026855802,-0.3188362,-0.042635985,-0.32392284,-0.04359607
2.2390375,1.2750286,0.6826613,0.17280836,0.6530351,0.23119913
-0.3334913,-1.2877221,-0.25097725,-1.0427389,-0.24646725,-1.0379847
-0.16863738,0.29141444,-0.05764407,0.13837253,-0.049168427,0.148468
0.21902102,-0.86210257,0.11870046,-0.47596565,0.117786,-0.482427
1.1107349,0.031843673,0.6043308,-0.09307286,0.6060445,-0.09176073
0.2892902,1.1027825,0.2172739,0.6756259,0.21291217,0.70793957
-0.93836725,0.8121685,-0.6735679,0.53926075,-0.6760572,0.5345556
-1.6250023,0.013115715,-0.94412345,-0.050138,-0.94556564,-0.05300208
0.7801795,1.0503968,0.4540323,0.5490535,0.45282426,0.5481691
0.48330712,1.6558807,0.1862933,0.73542964,0.18624689,0.7392354
0.9248256,-0.532179,0.4640436,-0.32214734,0.46776313,-0.32786542
-0.69305325,1.501863,-0.39612418,0.7328513,-0.3991349,0.73313713
1.1717829,-1.0890219,0.8283221,-0.8340443,0.82655174,-0.8344115
0.9591806,-0.7357954,0.43277174,-0.35178125,0.44424906,-0.36104736
-0.4441662,-0.35382292,-0.307442,-0.2165153,-0.29747504,-0.21805844
-0.20926449,-0.5651183,-0.17532735,-0.3901214,-0.16673115,-0.38762248
-0.8445278,0.48400438,-0.2630376,0.087468505,-0.27184805,0.09611863
-0.35895684,-1.9151741,-0.15206294,-1.0742899,-0.1542893,-1.0783788
0.4164313,-0.5004376,0.2301188,-0.46052647,0.23260747,-0.45378286
-1.8226063,-1.0569142,-0.8288677,-0.560605,-0.83508366,-0.5655545
-0.28880215,0.61677474,-0.1169976,0.17095722,-0.12040813,0.17697501
0.13839264,0.5209933,0.0072345184,0.13099203,0.014769574,0.13235784
1.046655,-1.1173147,0.762383,-0.88472056,0.7603472,-0.8839466
-0.06887763,0.33716038,-0.014428202,0.12979786,-0.006188263,0.13094325
-0.885172,2.423848,-0.35258222,0.7493423,-0.35852998,0.76280737
0.5536523,2.6255677,0.09458558,0.7661656,0.09692873,0.78191197
0.5556,1.4145355,0.26780227,0.6953117,0.26932582,0.6964616
2.025403,-1.1017312,1.0398972,-0.6062592,1.0462158,-0.6112106
0.06300318,-0.0048672133,0.037418902,0.04933834,0.03329732,0.04294574
-0.30206516,-0.4968501,-0.2412249,-0.33084896,-0.23199226,-0.32677716
0.3793671,0.6620263,0.019576611,0.121252164,0.033213336,0.12868151
0.57511026,-0.07970764,0.10815852,-0.052917335,0.06252607,0.006911073
0.8691095,-1.1728387,0.6477595,-0.9569929,0.64722437,-0.9544478
-1.2729881,-0.28312227,-0.92931944,-0.24210668,-0.9261313,-0.24660772
1.1235045,-1.2340541,0.7636249,-0.88446075,0.7627001,-0.8862939
-0.53050023,1.4888259,-0.32071674,0.7577334,-0.32467982,0.7575303
1.5828698,0.94857097,0.6057708,0.28869528,0.6124785,0.30072737
-0.69174117,0.2355452,-0.28133625,0.06003102,-0.28469476,0.06028332
-0.06584685,1.9045016,-0.07543406,0.79121685,-0.07797199,0.7957623
-1.1296192,-0.50003624,-0.85688215,-0.40081733,-0.8753464,-0.42162344
-0.9244034,0.65852195,-0.29497483,0.12475994,-0.2771568,0.108021714
1.2678977,-0.5558995,0.9924323,-0.60631186,1.013861,-0.6148358
-1.3597726,1.0028712,-0.7496604,0.4716866,-0.7523694,0.4702979
0.27332532,-0.18185446,0.034750625,0.020561315,0.04032317,0.014026291
1.6524799,-0.6810223,1.0703939,-0.5583435,1.0716608,-0.55809474
0.16592966,1.6252651,0.046935417,0.7756099,0.04574486,0.7782709
-0.71479046,-0.21610166,-0.32392,-0.12596849,-0.32559446,-0.12924041
-0.041381158,0.69629186,-0.049218133,0.16744065,-0.048348647,0.17608738
1.2396917,0.693071,0.6143161,0.24684243,0.6172339,0.25355777
0.7104811,-0.8038802,0.34715217,-0.40922228,0.35359335,-0.4180952
0.7888067,0.97912014,0.48099938,0.5195493,0.4766893,0.5183417
-0.35968655,0.7066862,-0.13624164,0.16737968,-0.13925752,0.17723116
0.3519606,2.4529078,0.052495528,0.7754647,0.054378998,0.7886933
1.4843831,0.1647872,0.6202144,-0.02251622,0.63601226,-0.018970327
1.9536511,0.80765176,0.7937177,0.07121281,0.7032183,0.10941174
0.8849271,-2.090682,0.48159352,-1.0354815,0.486016,-1.0439607
-0.24009441,0.15838538,-0.09751084,0.11970406,-0.085784644,0.13925865
3.573479,0.9063037,1.2610991,-0.056195557,1.2809496,-0.040384635
0.14270909,-0.49957857,0.0051973984,-0.4599523,0.007099314,-0.4565929
-0.57926047,-0.5183588,-0.2744633,-0.27598062,-0.27617356,-0.2801516
-0.22445318,-0.23940621,-0.1736905,-0.07484974,-0.24215512,-0.06340199
-0.1523991,-0.74429387,-0.09665716,-0.43854392,-0.092531934,-0.43793285
1.8403164,1.1133603,0.6029694,0.28991264,0.61408436,0.30996314
-0.7594904,-1.1479269,-0.5519976,-0.88143975,-0.548393,-0.8785707
0.6354288,-1.3859706,0.4625031,-1.0397187,0.46294788,-1.0388771
0.13011062,0.4537744,0.0140349595,0.121986136,0.020608759,0.12169307
0.837074,1.6911242,0.30671826,0.67525876,0.30951473,0.67979217
1.4592026,1.3453459,0.52185273,0.46561527,0.526939,0.47368562
-0.80731225,-0.81225204,-0.25323448,-0.33512762,-0.25634265,-0.3396313
0.2251076,1.6054645,0.08001099,0.7687836,0.078251936,0.7711254
-0.97990304,0.022108726,-0.3202889,-0.05423726,-0.33268806,-0.05254372
0.37809548,-1.1137694,0.19185244,-0.47902596,0.19762844,-0.48989663
0.88561106,1.2358674,0.43127537,0.57018393,0.4322506,0.57532114
0.035385497,-0.530742,-0.069839016,-0.44593677,-0.066157356,-0.43887344
0.8038302,1.7952311,0.27697366,0.6939991,0.27968702,0.6990691
-0.48720032,0.33790702,-0.20997854,0.13563667,-0.21233746,0.13288073
-0.4670232,-0.583201,-0.23860793,-0.32596803,-0.23728585,-0.33008233
1.1130987,0.91577893,0.56709313,0.3874131,0.5651727,0.39209592
0.86710215,0.041719507,0.59077513,-0.1255112,0.58783257,-0.118953325
-1.0578239,1.0803887,-0.6382351,0.58266455,-0.6403596,0.5818421
-0.4671552,-0.55643487,-0.24615921,-0.31766114,-0.2450044,-0.3200164
