feature_1,feature_2,t
0.18314691,0.0,0.0
0.12234399,0.00153904,0.012578949563923095
0.05426871,0.0013655749,0.02515789912784619
0.22759944,0.008592965,0.037736848691769284
-0.3016236,-0.015189254,0.05031579825569238
0.3600469,0.022674965,0.06289474781961547
-0.22752734,-0.017205011,0.07547369738353857
-0.18125907,-0.016001716,0.08805264694746166
-0.60024065,-0.060607903,0.10063159651138476
0.5444753,0.06190505,0.11321054607530785
0.1124241,0.014216834,0.12578949563923095
-0.4905769,-0.068316914,0.13836844520315406
0.6438468,0.09793192,0.15094739476707714
-0.6135707,-0.101238996,0.16352634433100022
-1.2662754,-0.22533204,0.17610529389492333
0.074948214,0.014311793,0.18868424345884643
0.6805295,0.13884535,0.20126319302276952
-0.14707325,-0.031938788,0.2138421425866926
-0.34367377,-0.079172604,0.2264210921506157
0.55978304,0.13639513,0.2390000417145388
-0.08186074,-0.02104022,0.2515789912784619
0.2824337,0.07639229,0.264157940842385
0.28721592,0.081576414,0.2767368904063081
0.8540543,0.2542245,0.2893158399702312
-0.10889492,-0.033911355,0.3018947895341543
0.15148477,0.04927306,0.31447373909807735
0.065211244,0.022121942,0.32705268866200043
-0.17260312,-0.060984563,0.33963163822592357
-0.22571021,-0.08295655,0.35221058778984665
0.5697669,0.21758309,0.36478953735376973
0.61073184,0.24207246,0.37736848691769287
-0.33886048,-0.13926946,0.38994743648161595
-0.43791884,-0.18645464,0.40252638604553903
0.757803,0.3339748,0.4151053356094621
0.24081336,0.10976783,0.4276842851733852
0.1259851,0.059351854,0.44026323473730833
0.38191786,0.18582797,0.4528421843012314
-0.2103637,-0.10564862,0.4654211338651545
0.72332597,0.37473458,0.4780000834290776
0.624856,0.33375567,0.4905790329930007
0.36298683,0.1997916,0.5031579825569238
0.4305732,0.2440984,0.5157369321208469
-0.2319755,-0.13539411,0.52831588168477
-0.028948246,-0.017387666,0.5408948312486931
0.09992562,0.061743543,0.5534737808126162
1.0173898,0.6464633,0.5660527303765392
0.6911569,0.45147374,0.5786316799404624
0.9700114,0.6511788,0.5912106295043854
-0.0109045915,-0.0075210556,0.6037895790683085
0.29518718,0.20912264,0.6163685286322317
0.21621543,0.15729758,0.6289474781961547
0.06102686,0.04558213,0.6415264277600778
0.18782577,0.1440065,0.6541053773240009
1.0924255,0.85959846,0.666684326887924
1.3467821,1.0874505,0.6792632764518471
0.055477303,0.045959502,0.6918422260157702
0.86056864,0.73137534,0.7044211755796933
0.2942102,0.2564849,0.7170001251436164
0.6794392,0.6075272,0.7295790747075395
0.46972525,0.4307637,0.7421580242714626
0.51680493,0.4860467,0.7547369738353857
0.6416577,0.6188622,0.7673159233993088
0.3793615,0.37520885,0.7798948729632319
0.74018294,0.7507323,0.7924738225271549
0.99836826,1.0384054,0.8050527720910781
0.88417745,0.9430974,0.8176317216550012
0.7759435,0.8488012,0.8302106712189242
1.0673146,1.1974348,0.8427896207828474
0.19805188,0.22790499,0.8553685703467704
0.4538606,0.53573734,0.8679475199106935
0.639406,0.7742963,0.8805264694746167
0.39076868,0.48551777,0.8931054190385397
0.039565198,0.050444663,0.9056843686024628
0.17862391,0.233737,0.918263318166386
0.3320271,0.44598982,0.930842267730309
1.2971575,1.7889308,0.9434212172942321
0.6464784,0.9155856,0.9560001668581553
0.22362004,0.32531437,0.9685791164220783
0.4485957,0.6705147,0.9811580659860014
0.68910563,1.0585771,0.9937370155499244
0.62584406,0.98836946,1.0063159651138476
0.5385016,0.87458223,1.0188949146777706
0.6587392,1.1006337,1.0314738642416938
0.8179217,1.406449,1.0440528138056169
1.1852444,2.0983753,1.05663176336954
0.45755243,0.83439684,1.0692107129334631
0.62038356,1.1658871,1.0817896624973862
1.078954,2.090677,1.0943686120613092
0.32588166,0.6514357,1.1069475616252324
0.11330806,0.23380701,1.1195265111891555
0.088081755,0.18773463,1.1321054607530785
0.6002244,1.3223029,1.1446844103170015
0.5325317,1.213504,1.1572633598809248
0.36385354,0.8583107,1.1698423094448478
0.47929704,1.1714267,1.1824212590087708
0.6589621,1.6701767,1.195000208572694
0.2824458,0.7431213,1.207579158136617
0.34334335,0.93873286,1.2201581077005401
0.24915533,0.708724,1.2327370572644634
0.31760174,0.9410904,1.2453160068283864
0.4199866,1.2981398,1.2578949563923094
0.29607904,0.9560511,1.2704739059562327
0.50295526,1.6994202,1.2830528555201557
0.36721227,1.3006663,1.2956318050840787
0.5089415,1.8934398,1.3082107546480017
0.27308196,1.0694461,1.320789704211925
0.37178788,1.5363641,1.333368653775848
0.3377617,1.4767723,1.345947603339771
0.23942927,1.1109557,1.3585265529036943
0.060698956,0.29991356,1.3711055024676173
0.15925534,0.8411675,1.3836844520315403
0.22773372,1.291542,1.3962634015954636
0.13423288,0.8215743,1.4088423511593866
0.21125962,1.4037554,1.4214213007233096
0.22757716,1.6532333,1.4340002502872329
0.162917,1.3047975,1.446579199851156
0.20226054,1.8042177,1.459158149415079
0.15854026,1.5952209,1.4717370989790022
0.17934588,2.0686631,1.4843160485429252
0.122943334,1.6605849,1.4968949981068482
0.1358087,2.2118912,1.5094739476707715
0.059422523,1.2181221,1.5220528972346945
0.051442396,1.4218363,1.5346318467986175
0.02747539,1.1647097,1.5472107963625406
0.016743356,1.5211519,1.5597897459264638
-0.0033020822,2.100067,1.5723686954903868
-0.017142713,1.2113054,1.5849476450543099
-0.065970734,2.4674284,1.597526594618233
-0.059237886,1.5061957,1.6101055441821561
-0.059294872,1.1417179,1.6226844937460791
-0.031331882,0.4853399,1.6352634433100024
-0.16578649,2.1475246,1.6478423928739254
-0.1926097,2.1433046,1.6604213424378484
-0.09121176,0.8893388,1.6730002920017717
-0.058171835,0.5045711,1.6855792415656947
-0.35181218,2.7473521,1.6981581911296177
-0.14047448,0.9972523,1.7107371406935408
-0.1527095,0.9934682,1.723316090257464
-0.3517292,2.1110258,1.735895039821387
-0.44159132,2.459142,1.74847398938531
-0.31430033,1.6320003,1.7610529389492333
-0.58704156,2.8543746,1.7736318885131563
-0.55895185,2.5545135,1.7862108380770794
-0.3423458,1.4754516,1.7987897876410026
-0.42659292,1.7388996,1.8113687372049256
-0.40289235,1.557364,1.8239476867688487
-0.3765869,1.3836622,1.836526636332772
-0.4498538,1.5744311,1.849105585896695
-0.5959764,1.9906998,1.861684535460618
-0.63115996,2.0155888,1.8742634850245412
-0.56159747,1.7173866,1.8868424345884642
-0.8520395,2.4987278,1.8994213841523873
-0.4166737,1.1734242,1.9120003337163105
-0.7886807,2.1354856,1.9245792832802335
-0.5471877,1.4261428,1.9371582328441566
-0.48590222,1.2202922,1.9497371824080796
-0.9208955,2.2306752,1.9623161319720028
-0.8407964,1.9661633,1.9748950815359259
-0.97890705,2.2117515,1.9874740310998489
-1.1563808,2.5263844,2.000052980663772
-0.76764846,1.62285,2.012631930227695
-0.95950407,1.9641386,2.025210879791618
-0.94278806,1.8699086,2.037789829355541
-1.075077,2.0671875,2.0503687789194642
-0.9465719,1.7654824,2.0629477284833877
-0.9796318,1.7732159,2.0755266780473107
-1.2109681,2.1282597,2.0881056276112337
-0.87804747,1.4989707,2.1006845771751568
-1.0726433,1.7794693,2.11326352673908
-0.9887841,1.5946335,2.125842476303003
-0.8033013,1.2598374,2.1384214258669263
-0.92948085,1.4180586,2.1510003754308493
-1.0978117,1.629783,2.1635793249947723
-0.6996659,1.0110232,2.1761582745586954
-1.783654,2.5093436,2.1887372241226184
-1.3770207,1.8865591,2.2013161736865414
-1.016286,1.3561842,2.213895123250465
-0.93981737,1.2218078,2.226474072814388
-0.9466241,1.1991379,2.239053022378311
-1.5806999,1.9513744,2.251631971942234
-1.8584045,2.236097,2.264210921506157
-1.4097986,1.6535555,2.27678987107008
-1.7903013,2.0471222,2.289368820634003
-1.7163538,1.9134521,2.3019477701979265
-1.6964289,1.8440378,2.3145267197618495
-0.84974855,0.9006809,2.3271056693257726
-1.7799022,1.8396662,2.3396846188896956
-1.1226455,1.1315064,2.3522635684536186
-1.5119148,1.4859883,2.3648425180175416
-1.9214953,1.841604,2.377421467581465
-1.4138852,1.3213817,2.390000417145388
-2.7608745,2.5159347,2.402579366709311
-1.6478362,1.4641298,2.415158316273234
-2.637455,2.2847078,2.427737265837157
-1.789479,1.5111663,2.4403162154010802
-1.4628841,1.2041712,2.4528951649650033
-1.5112071,1.2123837,2.4654741145289267
-2.543797,1.9887205,2.4780530640928498
-2.4002075,1.8282892,2.490632013656773
-2.2378743,1.660573,2.503210963220696
-1.9768028,1.4286468,2.515789912784619
-2.0834336,1.4661711,2.528368862348542
-2.3138514,1.5851823,2.5409478119124653
-1.9721404,1.3149406,2.5535267614763884
-1.9214778,1.246534,2.5661057110403114
-2.5339253,1.5989271,2.5786846606042344
-2.2454963,1.3777423,2.5912636101681574
-2.528252,1.5077872,2.6038425597320805
-2.7875898,1.6152653,2.6164215092960035
-1.9951664,1.1228136,2.629000458859927
-1.5120021,0.8260365,2.64157940842385
-2.2960324,1.2171199,2.654158357987773
-2.6371694,1.3557403,2.666737307551696
-2.8001254,1.3952665,2.679316257115619
-2.119803,1.0231907,2.691895206679542
-2.854418,1.33377,2.7044741562434655
-2.4850304,1.1233045,2.7170531058073886
-2.5392787,1.1095737,2.7296320553713116
-2.613529,1.1030779,2.7422110049352346
-1.8535807,0.7550047,2.7547899544991576
-2.0495934,0.8049375,2.7673689040630807
-2.3202,0.87768954,2.779947853627004
-2.5904467,0.9428455,2.792526803190927
-3.2096148,1.1226882,2.80510575275485
-3.020073,1.0139356,2.817684702318773
-1.9682268,0.6333626,2.8302636518826962
-2.3524246,0.7244697,2.8428426014466193
-2.7317047,0.8037977,2.8554215510105423
-2.110712,0.5923276,2.8680005005744658
-2.0373237,0.5441829,2.880579450138389
-2.071425,0.52546823,2.893158399702312
-2.9381628,0.7061235,2.905737349266235
-3.2092817,0.7287064,2.918316298830158
-2.3564813,0.5039845,2.930895248394081
-2.019758,0.40547028,2.9434741979580044
-2.7072208,0.50814074,2.9560531475219274
-4.1886144,0.73177683,2.9686320970858504
-3.3515303,0.5421805,2.9812110466497734
-3.8094723,0.56718636,2.9937899962136965
-3.2836633,0.44675547,3.0063689457776195
-3.0322673,0.3737676,3.018947895341543
-2.7107131,0.29956752,3.031526844905466
-2.9064043,0.28423724,3.044105794469389
-3.0031137,0.25560266,3.056684744033312
-3.4335938,0.24878225,3.069263693597235
-3.1146915,0.18632464,3.081842643161158
-4.6060934,0.21743561,3.094421592725081
-2.538655,0.087852485,3.1070005422890046
-3.953402,0.08704094,3.1195794918529276
-2.9557018,0.027885545,3.1321584414168506
-2.6798844,-0.008427561,3.1447373909807737
-3.6540265,-0.057459503,3.1573163405446967
-2.8553076,-0.080834314,3.1698952901086197
-2.5902815,-0.10595385,3.182474239672543
-4.196848,-0.22457972,3.195053189236466
-2.8337667,-0.18741302,3.207632138800389
-3.3133976,-0.26103216,3.2202110883643122
-3.2593246,-0.29806867,3.2327900379282353
-3.4732506,-0.36174074,3.2453689874921583
-2.8719406,-0.33568174,3.2579479370560813
-2.9571197,-0.38340086,3.270526886620005
-3.0505302,-0.43459517,3.283105836183928
-3.6955798,-0.57401013,3.295684785747851
-3.2520545,-0.5470988,3.308263735311774
-2.7409768,-0.49665084,3.320842684875697
-3.719805,-0.72244984,3.33342163443962
-3.4088707,-0.7066699,3.3460005840035434
-3.6894128,-0.8133597,3.3585795335674664
-3.319076,-0.77561975,3.3711584831313894
-3.5205123,-0.86953527,3.3837374326953125
-3.50059,-0.91148275,3.3963163822592355
-2.7074735,-0.7414589,3.4088953318231585
-3.6515765,-1.0495586,3.4214742813870815
-3.144032,-0.94665056,3.434053230951005
-3.459393,-1.0892476,3.446632180514928
-4.0966783,-1.3467766,3.459211130078851
-3.652678,-1.2519389,3.471790079642774
-3.6805408,-1.3134515,3.484369029206697
-3.2972653,-1.2236459,3.49694797877062
-3.3138647,-1.277457,3.5095269283345436
-2.8504274,-1.1401936,3.5221058778984666
-3.123774,-1.2953484,3.5346848274623897
-3.6314542,-1.5596886,3.5472637770263127
-2.8300486,-1.2578866,3.5598427265902357
-2.3760157,-1.0920757,3.5724216761541587
-3.139604,-1.4911566,3.585000625718082
-3.480179,-1.7068903,3.5975795752820052
-2.4367878,-1.2334119,3.6101585248459283
-2.9218073,-1.5253787,3.6227374744098513
-2.9560714,-1.590901,3.6353164239737743
-2.671372,-1.4813148,3.6478953735376973
-2.8413184,-1.6226139,3.6604743231016204
-3.1039188,-1.824734,3.673053272665544
-3.4123845,-2.0642676,3.685632222229467
-3.4007218,-2.1160953,3.69821117179339
-2.848379,-1.8224978,3.710790121357313
-2.8150778,-1.8515059,3.723369070921236
-2.2752454,-1.5377976,3.735948020485159
-3.213924,-2.2316375,3.7485269700490824
-2.7742124,-1.9784974,3.7611059196130054
-3.1593282,-2.313652,3.7736848691769285
-3.3720381,-2.535199,3.7862638187408515
-2.282639,-1.7615309,3.7988427683047745
-3.5133152,-2.7824614,3.8114217178686975
-2.3666775,-1.9232849,3.824000667432621
-2.6038392,-2.1709633,3.836579616996544
-2.2960477,-1.9638213,3.849158566560467
-3.2904778,-2.8868158,3.86173751612439
-3.5199344,-3.1673594,3.874316465688313
-2.3361528,-2.1559436,3.886895415252236
-2.5984783,-2.459272,3.899474364816159
-2.6391127,-2.561424,3.9120533143800826
-2.8177717,-2.8045113,3.9246322639440057
-2.8401783,-2.8988354,3.9372112135079287
-3.215837,-3.365923,3.9497901630718517
-2.6163018,-2.808295,3.9623691126357747
-2.4174244,-2.6611667,3.9749480621996978
-2.45434,-2.7710521,3.9875270117636212
-2.2171464,-2.5676093,4.000105961327544
-2.7922876,-3.3171122,4.012684910891467
-2.3677042,-2.8856342,4.02526386045539
-2.3460612,-2.9337478,4.037842810019313
-2.9443033,-3.7783232,4.050421759583236
-2.4196382,-3.1869228,4.063000709147159
-3.1822312,-4.3026605,4.075579658711082
-2.0938756,-2.9068894,4.088158608275005
-2.599202,-3.7058408,4.1007375578389285
-2.4535446,-3.593484,4.113316507402852
-2.51026,-3.7777297,4.125895456966775
-2.5514653,-3.9465494,4.138474406530698
-2.3622482,-3.756686,4.1510533560946214
-1.9666532,-3.2166612,4.1636323056585445
-1.9203275,-3.2315373,4.1762112552224675
-2.2899969,-3.966391,4.1887902047863905
-2.378088,-4.2412963,4.2013691543503136
-2.3683631,-4.351371,4.213948103914237
-2.6976612,-5.1083894,4.22652705347816
-1.871622,-3.6547773,4.239106003042083
-1.8049026,-3.6365268,4.251684952606006
-1.7553145,-3.65124,4.264263902169929
-1.8605576,-3.998182,4.276842851733853
-2.014712,-4.4757833,4.289421801297776
-2.0231214,-4.649861,4.302000750861699
-1.5521563,-3.6937346,4.314579700425622
-1.6825099,-4.1493235,4.327158649989545
-1.4458156,-3.6985273,4.339737599553468
-1.8205726,-4.835704,4.352316549117391
-1.635448,-4.5154347,4.364895498681314
-1.2496823,-3.5907803,4.377474448245237
-1.0237277,-3.0652044,4.39005339780916
-0.98402613,-3.0745132,4.402632347373083
-1.1253892,-3.6747816,4.415211296937006
-1.3457843,-4.6003437,4.42779024650093
-1.0495884,-3.762858,4.440369196064853
-1.2524457,-4.71868,4.452948145628776
-0.9983625,-3.9617264,4.465527095192699
-1.0982345,-4.6015606,4.478106044756622
-1.1213112,-4.974556,4.490684994320545
-0.92502415,-4.358636,4.503263943884468
-0.9821923,-4.932747,4.515842893448391
-0.8061834,-4.3326654,4.528421843012314
-0.8017114,-4.6318603,4.541000792576237
-0.7438936,-4.6447506,4.55357974214016
-0.68392867,-4.643681,4.566158691704083
-0.70270216,-5.226383,4.578737641268006
-0.5555053,-4.5657673,4.59131659083193
-0.4317969,-3.9643075,4.603895540395853
-0.38681793,-4.0205708,4.616474489959776
-0.34743485,-4.159452,4.629053439523699
-0.32351258,-4.5645576,4.641632389087622
-0.27429333,-4.7094345,4.654211338651545
-0.21157306,-4.6366773,4.666790288215468
-0.18875419,-5.714326,4.679369237779391
-0.093525946,-4.5748186,4.691948187343314
-0.035228778,-4.4808893,4.704527136907237
0.024185026,-5.1270514,4.71710608647116
0.08841023,-5.1110735,4.729685036035083
0.14676292,-4.911104,4.742263985599006
0.1978457,-4.6574416,4.75484293516293
0.26083335,-4.734803,4.767421884726853
0.34017867,-5.0236773,4.780000834290776
0.36754274,-4.573524,4.792579783854699
0.3649056,-3.922164,4.805158733418622
0.43189147,-4.08446,4.817737682982545
0.55585027,-4.691615,4.830316632546468
0.6413233,-4.8861756,4.842895582110391
0.6987449,-4.8500338,4.855474531674314
0.795715,-5.0703754,4.8680534812382374
0.88514507,-5.211363,4.8806324308021605
0.80795807,-4.4194355,4.8932113803660835
0.8904265,-4.546488,4.9057903299300065
1.0589789,-5.0682497,4.91836927949393
1.0152049,-4.57079,4.9309482290578535
1.1717243,-4.978767,4.9435271786217765
1.0654179,-4.284636,4.9561061281856995
1.2051955,-4.59894,4.9686850777496225
1.4923356,-5.4158945,4.981264027313546
1.4498391,-5.0145025,4.993842976877469
1.4845542,-4.9025903,5.006421926441392
1.4470896,-4.57078,5.019000876005315
1.6882372,-5.1082597,5.031579825569238
1.7358431,-5.0386806,5.044158775133161
1.9401418,-5.4097595,5.056737724697084
1.7493262,-4.6911488,5.069316674261007
1.4858456,-3.836463,5.081895623824931
1.9905267,-4.953616,5.094474573388854
2.2127948,-5.312601,5.107053522952777
2.1895928,-5.076047,5.1196324725167
2.3734672,-5.3173885,5.132211422080623
2.2214534,-4.81323,5.144790371644546
2.2028186,-4.61924,5.157369321208469
2.2803128,-4.6308985,5.169948270772392
1.9939644,-3.9240468,5.182527220336315
2.013973,-3.8429508,5.195106169900238
2.1723416,-4.021288,5.207685119464161
2.5193334,-4.526516,5.220264069028084
2.6086574,-4.551321,5.232843018592007
2.7029634,-4.5813055,5.245421968155931
2.5011227,-4.119897,5.258000917719854
2.7481644,-4.4010615,5.270579867283777
2.728408,-4.2494917,5.2831588168477
2.8299341,-4.288005,5.295737766411623
3.0019197,-4.426467,5.308316715975546
3.4447048,-4.9443274,5.320895665539469
3.3673205,-4.7059245,5.333474615103392
3.1360762,-4.2682657,5.346053564667315
2.7362037,-3.6275034,5.358632514231238
3.3880045,-4.376024,5.371211463795161
3.3902407,-4.2669344,5.383790413359084
3.3762543,-4.141292,5.396369362923008
3.6084166,-4.314101,5.408948312486931
4.0228295,-4.688441,5.421527262050854
3.7129357,-4.2187147,5.434106211614777
4.1003714,-4.5424204,5.4466851611787
3.7579565,-4.059248,5.459264110742623
2.9908164,-3.1501744,5.471843060306546
2.9583852,-3.0385396,5.484422009870469
4.1439753,-4.1504965,5.497000959434392
4.0524297,-3.9579608,5.509579908998315
4.40903,-4.199191,5.522158858562238
4.5035963,-4.182493,5.534737808126161
4.460648,-4.039304,5.547316757690084
4.442614,-3.9224057,5.559895707254008
4.2472954,-3.6559238,5.572474656817931
4.0970373,-3.4378226,5.585053606381854
3.9976091,-3.2695916,5.597632555945777
4.567097,-3.6404605,5.6102115055097
5.0545855,-3.9260876,5.622790455073623
4.6357965,-3.508203,5.635369404637546
4.9963884,-3.68317,5.6479483542014695
4.393809,-3.1544445,5.6605273037653925
4.6010575,-3.2163072,5.6731062533293155
4.925685,-3.351796,5.6856852028932385
4.232687,-2.8029904,5.698264152457162
3.8260562,-2.4650438,5.710843102021085
5.3199196,-3.333567,5.7234220515850085
4.795549,-2.9216294,5.7360010011489315
4.712856,-2.790577,5.7485799507128545
5.4423923,-3.130767,5.761158900276778
4.702881,-2.6271868,5.773737849840701
5.651574,-3.0645285,5.786316799404624
5.254727,-2.7643816,5.798895748968547
4.6788254,-2.3867614,5.81147469853247
5.630346,-2.7834613,5.824053648096393
5.013419,-2.4004774,5.836632597660316
5.766026,-2.6722035,5.849211547224239
5.5611434,-2.4927633,5.861790496788162
5.420729,-2.3483906,5.874369446352085
5.7961397,-2.4248989,5.886948395916009
6.09473,-2.4602015,5.899527345479932
5.2881007,-2.0576265,5.912106295043855
5.1218657,-1.919119,5.924685244607778
6.229847,-2.2453177,5.937264194171701
6.0386252,-2.0909553,5.949843143735624
6.2105083,-2.0633585,5.962422093299547
6.4241743,-2.0449858,5.97500104286347
5.9006934,-1.7969238,5.987579992427393
5.380097,-1.564714,6.000158941991316
5.7451077,-1.592773,6.012737891555239
5.7265244,-1.5103161,6.025316841119162
6.276366,-1.5711647,6.037895790683086
5.4511337,-1.2919424,6.050474740247009
6.602465,-1.4773519,6.063053689810932
6.646559,-1.3996674,6.075632639374855
6.1550584,-1.2155163,6.088211588938778
6.562092,-1.2103429,6.100790538502701
6.0168786,-1.0316974,6.113369488066624
5.791589,-0.91823107,6.125948437630547
5.2310247,-0.762032,6.13852738719447
6.396893,-0.84984255,6.151106336758393
5.4266777,-0.6515927,6.163685286322316
5.155071,-0.55329573,6.176264235886239
6.425521,-0.6080022,6.188843185450162
6.1747756,-0.5059973,6.201422135014086
6.0117073,-0.41658017,6.214001084578009
5.995147,-0.33971986,6.226580034141932
6.7516446,-0.2974423,6.239158983705855
5.5018725,-0.1730765,6.251737933269778
6.040088,-0.11398048,6.264316882833701
6.9846134,-0.04393013,6.276895832397624
5.413014,0.03404546,6.289474781961547
6.779356,0.12793095,6.30205373152547
5.947534,0.18709601,6.314632681089393
5.7056427,0.2513609,6.327211630653316
7.2559824,0.4111661,6.339790580217239
6.417797,0.4447201,6.352369529781162
6.402755,0.52467924,6.364948479345086
5.981949,0.5660301,6.377527428909009
6.3347626,0.6799125,6.390106378472932
6.595764,0.7919674,6.402685328036855
6.442942,0.85596037,6.415264277600778
6.2442164,0.90962917,6.4278432271647015
5.5345626,0.87748075,6.4404221767286245
6.2360053,1.0692705,6.4530011262925475
6.3059764,1.1631038,6.4655800758564705
6.679333,1.3190515,6.478159025420394
6.445063,1.3572352,6.490737974984317
6.647901,1.4875185,6.50331692454824
7.200105,1.7064563,6.515895874112163
6.836443,1.7113688,6.528474823676087
5.807888,1.531775,6.54105377324001
5.957761,1.6517289,6.553632722803933
5.845037,1.6999344,6.566211672367856
5.465425,1.6643724,6.578790621931779
6.497632,2.0683692,6.591369571495702
5.509619,1.8304975,6.603948521059625
6.762006,2.3414354,6.616527470623548
5.8971252,2.1254005,6.629106420187471
5.4660635,2.048087,6.641685369751394
6.0995445,2.3733635,6.654264319315317
6.4772434,2.614607,6.66684326887924
6.8135037,2.850528,6.679422218443163
5.8740673,2.5447876,6.692001168007087
5.511404,2.4704678,6.70458011757101
5.2820573,2.4479134,6.717159067134933
6.5935936,3.1570814,6.729738016698856
5.771285,2.8531373,6.742316966262779
6.246504,3.186465,6.754895915826702
6.580649,3.4619167,6.767474865390625
6.2163363,3.3707669,6.780053814954548
5.5533586,3.1022923,6.792632764518471
5.5427203,3.1884813,6.805211714082394
5.3643327,3.1763296,6.817790663646317
5.252141,3.1998026,6.83036961321024
5.642209,3.5355196,6.842948562774163
5.917262,3.8123617,6.855527512338087
6.0046067,3.9763997,6.86810646190201
5.2094464,3.5448883,6.880685411465933
6.350038,4.4389086,6.893264361029856
5.438707,3.9046073,6.905843310593779
5.305955,3.9113722,6.918422260157702
5.193682,3.9303906,6.931001209721625
5.823249,4.5231376,6.943580159285548
5.78182,4.608723,6.956159108849471
5.582974,4.5662403,6.968738058413394
5.751378,4.825979,6.981317007977317
5.3513045,4.6062164,6.99389595754124
4.975546,4.392934,7.006474907105164
5.464521,4.9483533,7.019053856669087
5.203971,4.8329315,7.03163280623301
5.333048,5.079232,7.044211755796933
4.6582913,4.549699,7.056790705360856
4.3032117,4.3099833,7.069369654924779
5.010544,5.1462994,7.081948604488702
5.160974,5.4359636,7.094527554052625
4.3672166,4.717355,7.107106503616548
4.468284,4.9499965,7.119685453180471
4.2729516,4.855016,7.132264402744394
5.000253,5.8275876,7.1448433523083175
4.3983183,5.258481,7.1574223018722405
4.7993417,5.886842,7.170001251436164
4.1116433,5.174887,7.182580201000087
3.7110653,4.793297,7.1951591505640105
4.154527,5.5078363,7.2077381001279335
4.25744,5.7944655,7.2203170496918565
3.8400216,5.3665376,7.2328959992557795
3.601589,5.1695094,7.2454749488197026
4.6696167,6.885562,7.258053898383626
3.7167485,5.631734,7.270632847947549
4.008428,6.2431207,7.283211797511472
3.662812,5.8658285,7.295790747075395
3.5106435,5.7827983,7.308369696639318
3.9433777,6.683708,7.320948646203241
3.266544,5.6991353,7.333527595767165
3.6384575,6.5372596,7.346106545331088
3.5068,6.4915447,7.358685494895011
3.4985256,6.6756916,7.371264444458934
3.3074443,6.508926,7.383843394022857
3.2043884,6.507527,7.39642234358678
3.1361108,6.5763235,7.409001293150703
2.9895477,6.4774623,7.421580242714626
2.967606,6.648465,7.434159192278549
2.8142676,6.5242057,7.446738141842472
3.0040479,7.212286,7.459317091406395
2.8991325,7.214769,7.471896040970318
2.8286283,7.303537,7.484474990534241
2.6812243,7.1902103,7.497053940098165
2.6339076,7.3442087,7.509632889662088
2.4522834,7.118312,7.522211839226011
2.3476944,7.1036425,7.534790788789934
2.2110937,6.983964,7.547369738353857
2.226033,7.3512487,7.55994868791778
2.308421,7.9840465,7.572527637481703
2.0410075,7.4071016,7.585106587045626
1.8640463,7.113068,7.597685536609549
1.9357997,7.784924,7.610264486173472
1.8193877,7.7307496,7.622843435737395
1.6670271,7.50551,7.635422385301318
1.6619464,7.954039,7.648001334865242
1.2595608,6.431275,7.660580284429165
1.3803649,7.5504336,7.673159233993088
1.2335415,7.2625747,7.685738183557011
1.2886107,8.211157,7.698317133120934
1.07902,7.4895487,7.710896082684857
0.9215979,7.0215583,7.72347503224878
0.9677466,8.168198,7.736053981812703
0.80259633,7.5902686,7.748632931376626
0.8133834,8.742599,7.761211880940549
0.59190094,7.3653293,7.773790830504472
0.54222256,8.007414,7.786369780068395
0.40189567,7.295451,7.798948729632318
0.33360675,7.8533626,7.811527679196242
0.23521318,7.8709,7.824106628760165
0.12362939,7.147125,7.836685578324088
0.034097437,7.2284117,7.849264527888011
-0.06298499,8.011313,7.861843477451934
-0.15823433,7.740027,7.874422427015857
-0.23317304,7.0590587,7.88700137657978
-0.37637007,8.248244,7.899580326143703
-0.46321282,7.9530573,7.9121592757076264
-0.5479884,7.731769,7.9247382252715495
-0.64288294,7.6965246,7.9373171748354725
-0.7802193,8.1095705,7.9498961243993955
-0.917509,8.423609,7.9624750739633186
-0.97570914,8.019475,7.9750540235272425
-1.1360105,8.449137,7.9876329730911655
-1.2192231,8.278178,8.000211922655089
-1.2551401,7.8368907,8.01279087221901
-1.3659462,7.891708,8.025369821782935
-1.6057034,8.629519,8.037948771346857
-1.6606135,8.339901,8.05052772091078
-1.635587,7.706748,8.063106670474705
-1.6873076,7.485528,8.075685620038627
-1.9129475,8.015177,8.08826456960255
-2.1487827,8.526852,8.100843519166473
-1.9000717,7.158658,8.113422468730397
-2.2436683,8.043729,8.126001418294319
-2.217633,7.5806155,8.138580367858243
-2.5433712,8.304979,8.151159317422165
-2.434564,7.606606,8.163738266986089
-2.7468536,8.224519,8.17631721655001
-2.8083875,8.069492,8.188896166113935
-2.695303,7.4416704,8.201475115677857
-2.6002486,6.906636,8.21405406524178
-3.0115547,7.70383,8.226633014805705
-3.1244326,7.7053223,8.239211964369627
-3.2079878,7.6341896,8.25179091393355
-3.6578913,8.407151,8.264369863497473
-3.5719376,7.935237,8.276948813061397
-3.5038693,7.529521,8.289527762625319
-3.6092103,7.5075397,8.302106712189243
-3.2895114,6.627724,8.314685661753165
-3.8885593,7.5933166,8.327264611317089
-3.8292592,7.251225,8.339843560881011
-4.610709,8.471211,8.352422510444935
-3.7227616,6.6395082,8.365001460008857
-3.895507,6.747216,8.377580409572781
-4.6017528,7.7438545,8.390159359136705
-4.467806,7.3075504,8.402738308700627
-4.952984,7.8767357,8.415317258264551
-4.7825522,7.3975453,8.427896207828473
-4.3978634,6.618413,8.440475157392397
-4.349139,6.369789,8.45305410695632
-4.788802,6.827687,8.465633056520243
-5.20266,7.2227583,8.478212006084165
-5.27218,7.128458,8.49079095564809
-5.3918147,7.1015983,8.503369905212011
-5.262994,6.7538195,8.515948854775935
-5.3041043,6.632778,8.528527804339857
-5.259693,6.4102387,8.541106753903781
-5.304773,6.301832,8.553685703467705
-5.603472,6.4892097,8.566264653031627
-6.2241216,7.027293,8.578843602595551
-5.9885993,6.592413,8.591422552159473
-5.7935796,6.218732,8.604001501723397
-6.2027206,6.4922066,8.61658045128732
-6.615634,6.752264,8.629159400851243
-6.1824646,6.15337,8.641738350415165
-6.0315595,5.854006,8.65431729997909
-6.3494363,6.0092826,8.666896249543012
-6.580947,6.073298,8.679475199106935
-6.0922346,5.4820046,8.692054148670858
-6.2828193,5.5120697,8.704633098234781
-6.8231997,5.835918,8.717212047798705
-7.420501,6.1868787,8.729790997362628
-6.31352,5.130694,8.742369946926551
-7.2150187,5.714122,8.754948896490474
-7.3304596,5.656975,8.767527846054398
-7.243283,5.445716,8.78010679561832
-6.0740876,4.4482007,8.792685745182244
-7.1457353,5.096156,8.805264694746166
-7.839362,5.443382,8.81784364431009
-7.234478,4.8896537,8.830422593874012
-7.230362,4.755484,8.843001543437936
-7.147308,4.573111,8.85558049300186
-7.8459673,4.8821445,8.868159442565782
-7.0946617,4.2918024,8.880738392129706
-8.062832,4.7399836,8.893317341693628
-7.678594,4.385075,8.905896291257552
-7.934056,4.39955,8.918475240821474
-7.7425485,4.1668916,8.931054190385398
-8.309851,4.3382974,8.94363313994932
-8.318028,4.2102785,8.956212089513244
-7.8757524,3.8627455,8.968791039077166
-7.177671,3.4090385,8.98136998864109
-8.195859,3.76702,8.993948938205012
-7.945463,3.531562,9.006527887768936
-8.577208,3.683861,9.01910683733286
-7.681569,3.1853483,9.031685786896782
-7.099436,2.8398306,9.044264736460706
-8.5896845,3.3112254,9.056843686024628
-8.607581,3.1943536,9.069422635588552
-8.808563,3.143457,9.082001585152474
-9.163014,3.1405818,9.094580534716398
-9.695247,3.187297,9.10715948428032
-8.525944,2.6845355,9.119738433844244
-8.341799,2.5116694,9.132317383408166
-9.07065,2.6071422,9.14489633297209
-8.871676,2.4295652,9.157475282536012
-8.6473255,2.2515883,9.170054232099936
-8.087635,1.9975741,9.18263318166386
-8.73769,2.0418708,9.195212131227782
-8.393877,1.8504952,9.207791080791706
-8.954994,1.8563992,9.220370030355628
-7.6988835,1.4952551,9.232948979919552
-9.114097,1.6514271,9.245527929483474
-9.080831,1.5276841,9.258106879047398
-10.113713,1.5708966,9.27068582861132
-8.499075,1.2108246,9.283264778175244
-9.301161,1.2059278,9.295843727739166
-9.0968,1.0632634,9.30842267730309
-9.844704,1.0253307,9.321001626867012
-8.915897,0.81536824,9.333580576430936
-8.90372,0.7014423,9.34615952599486
-9.371922,0.6198182,9.358738475558782
-9.470377,0.5067743,9.371317425122706
-9.430076,0.38573137,9.383896374686628
-9.439251,0.26722702,9.396475324250552
-9.535206,0.14994095,9.409054273814474
-9.456192,0.029737337,9.421633223378398
-9.230614,-0.08708615,9.43421217294232
-9.414052,-0.20726654,9.446791122506244
-9.551012,-0.3305215,9.459370072070167
-9.2296505,-0.43569562,9.47194902163409
-9.847657,-0.5890989,9.484527971198013
-9.2266245,-0.6685183,9.497106920761937
-9.715861,-0.8269417,9.50968587032586
-9.46433,-0.92558175,9.522264819889783
-9.8085785,-1.0839698,9.534843769453706
-10.2369,-1.2618352,9.547422719017629
-9.687828,-1.3180676,9.560001668581553
-9.666499,-1.4392298,9.572580618145475
-9.55336,-1.545457,9.585159567709399
-8.750663,-1.5287948,9.59773851727332
-8.972353,-1.6840954,9.610317466837245
-9.944375,-1.9963524,9.622896416401167
-9.507578,-2.0334013,9.63547536596509
-10.204751,-2.3171127,9.648054315529013
-9.701903,-2.3316412,9.660633265092937
-9.145137,-2.3198903,9.67321221465686
-10.059794,-2.687039,9.685791164220783
-9.718482,-2.7272909,9.698370113784707
-9.345697,-2.7499497,9.710949063348629
-9.360238,-2.8826463,9.723528012912553
-9.06991,-2.9186382,9.736106962476475
-8.999295,-3.0213528,9.748685912040399
-9.413158,-3.2926202,9.761264861604321
-9.558442,-3.4789882,9.773843811168245
-9.881037,-3.737817,9.786422760732167
-9.389245,-3.687441,9.799001710296091
-9.389136,-3.8244042,9.811580659860013
-8.68192,-3.6643302,9.824159609423937
-8.797843,-3.844342,9.83673855898786
-8.582176,-3.879388,9.849317508551783
-8.376011,-3.9138181,9.861896458115707
-9.154409,-4.4186683,9.874475407679629
-9.671317,-4.819093,9.887054357243553
-8.784074,-4.5157976,9.899633306807475
-8.864818,-4.6992135,9.912212256371399
-8.995713,-4.914535,9.924791205935321
-8.349387,-4.6987586,9.937370155499245
-8.778666,-5.086786,9.949949105063167
-8.293165,-4.9458394,9.962528054627091
-8.6653595,-5.3167014,9.975107004191013
-8.3290415,-5.255691,9.987685953754937
-8.399414,-5.449012,10.000264903318861
-7.899292,-5.2669168,10.012843852882783
-8.468783,-5.801827,10.025422802446707
-8.465781,-5.9576097,10.03800175201063
-8.503775,-6.145727,10.050580701574553
-7.855147,-5.828766,10.063159651138475
-7.978598,-6.0774684,10.0757386007024
-8.007718,-6.2603717,10.088317550266321
-7.8294587,-6.2812753,10.100896499830245
-7.4250293,-6.111903,10.113475449394167
-7.7073355,-6.5086346,10.126054398958091
-7.4519453,-6.4552827,10.138633348522013
-7.27818,-6.466784,10.151212298085937
-7.406508,-6.749416,10.163791247649861
-7.073398,-6.6106205,10.176370197213783
-6.771184,-6.4896545,10.188949146777707
-7.5351367,-7.405923,10.20152809634163
-6.7883115,-6.841891,10.214107045905553
-7.200271,-7.4420357,10.226685995469476
-7.166189,-7.595717,10.2392649450334
-6.725758,-7.3109765,10.251843894597322
-7.09044,-7.904674,10.264422844161246
-6.3560643,-7.267849,10.277001793725168
-6.3312535,-7.42594,10.289580743289092
-6.679826,-8.037399,10.302159692853014
-6.9466405,-8.575629,10.314738642416938
-6.5085974,-8.244778,10.327317591980862
-6.05152,-7.867267,10.339896541544784
-6.48414,-8.65277,10.352475491108708
-6.2208915,-8.522805,10.36505444067263
-6.476996,-9.112198,10.377633390236554
-6.384904,-9.226241,10.390212339800476
-5.9987774,-8.90563,10.4027912893644
-5.785541,-8.826687,10.415370238928322
-5.8345675,-9.150497,10.427949188492246
-5.8725834,-9.470842,10.440528138056168
-5.3340178,-8.848907,10.453107087620092
-5.4034433,-9.224563,10.465686037184014
-4.706042,-8.270803,10.478264986747938
-5.1512985,-9.324284,10.490843936311862
-5.0199256,-9.362828,10.503422885875784
-4.908253,-9.437722,10.516001835439708
-4.815678,-9.551328,10.52858078500363
-4.399602,-9.00614,10.541159734567554
-4.592931,-9.7097025,10.553738684131476
-4.363023,-9.532044,10.5663176336954
-4.300435,-9.716442,10.578896583259322
-4.2399106,-9.914834,10.591475532823246
-3.981363,-9.644012,10.604054482387168
-4.0502853,-10.171865,10.616633431951092
-3.4934828,-9.105113,10.629212381515016
-4.017843,-10.878984,10.641791331078938
-3.54335,-9.978679,10.654370280642862
-3.4204056,-10.030828,10.666949230206784
-2.9639204,-9.063782,10.679528179770708
-2.952663,-9.429232,10.69210712933463
-3.202807,-10.698121,10.704686078898554
-2.8447928,-9.956413,10.717265028462476
-2.6917114,-9.889934,10.7298439780264
-2.7623217,-10.677643,10.742422927590322
-2.5431957,-10.366703,10.755001877154246
-2.4643571,-10.620955,10.767580826718168
-2.3186712,-10.596757,10.780159776282092
-2.035951,-9.899412,10.792738725846016
-2.057726,-10.684714,10.805317675409938
-1.9438254,-10.824811,10.817896624973862
-1.9096601,-11.461493,10.830475574537784
-1.5859573,-10.317617,10.843054524101708
-1.5308467,-10.867742,10.85563347366563
-1.3061768,-10.200123,10.868212423229554
-1.2499411,-10.841743,10.880791372793476
-1.1084424,-10.807607,10.8933703223574
-0.9899179,-11.015517,10.905949271921322
-0.7912011,-10.248868,10.918528221485246
-0.6811621,-10.551398,10.931107171049169
-0.5438006,-10.470836,10.943686120613092
-0.41845945,-10.639842,10.956265070177016
-0.31232718,-11.681618,10.968844019740938
-0.15303712,-10.813614,10.981422969304862
-0.016250975,-10.335339,10.994001918868785
0.11693508,-10.623677,11.006580868432708
0.25616938,-10.85928,11.01915981799663
0.38729838,-10.704689,11.031738767560554
0.5884966,-12.063789,11.044317717124477
0.6654296,-10.8377285,11.0568966666884
0.7950479,-10.738643,11.069475616252323
0.92438513,-10.662311,11.082054565816247
1.078814,-10.854951,11.094633515380169
1.2858237,-11.469889,11.107212464944093
1.3720717,-10.988883,11.119791414508017
1.4823776,-10.768726,11.132370364071939
1.6674219,-11.079508,11.144949313635863
1.7249098,-10.557335,11.157528263199785
1.8739142,-10.627496,11.170107212763709
2.005796,-10.594373,11.18268616232763
2.2000887,-10.870639,11.195265111891555
2.40772,-11.17186,11.207844061455477
2.642367,-11.553039,11.2204230110194
2.6732378,-11.046801,11.233001960583323
2.8437572,-11.136748,11.245580910147247
2.9153311,-10.846048,11.258159859711169
2.9075892,-10.298685,11.270738809275093
3.2719035,-11.055336,11.283317758839017
3.286457,-10.612102,11.295896708402939
3.2764678,-10.127259,11.308475657966863
3.6293027,-10.754041,11.321054607530785
3.6903229,-10.4971485,11.333633557094709
3.966278,-10.844176,11.346212506658631
4.0394115,-10.627786,11.358791456222555
4.043008,-10.2472315,11.371370405786477
4.6901865,-11.4630575,11.383949355350401
4.4133925,-10.410953,11.396528304914323
4.6507597,-10.597895,11.409107254478247
4.8368545,-10.655661,11.42168620404217
4.8385043,-10.3126335,11.434265153606093
4.9495397,-10.213193,11.446844103170017
5.392394,-10.779367,11.45942305273394
5.219141,-10.1130705,11.472002002297863
5.4097404,-10.166529,11.484580951861785
5.877169,-10.717659,11.497159901425709
5.797014,-10.263124,11.509738850989631
6.019282,-10.350395,11.522317800553555
5.634487,-9.4142065,11.534896750117477
5.9883633,-9.72572,11.547475699681401
6.2857575,-9.926835,11.560054649245323
6.3744044,-9.7921095,11.572633598809247
6.155265,-9.200257,11.58521254837317
6.6919074,-9.735146,11.597791497937093
6.8774185,-9.740255,11.610370447501017
6.760838,-9.323981,11.62294939706494
6.8887796,-9.253237,11.635528346628863
7.1933603,-9.412818,11.648107296192785
6.874304,-8.76457,11.66068624575671
7.713099,-9.5832815,11.673265195320631
7.2003903,-8.719398,11.685844144884555
7.6100955,-8.982962,11.698423094448477
7.0418534,-8.103298,11.711002044012401
7.814206,-8.766865,11.723580993576324
7.860025,-8.598046,11.736159943140247
8.192983,-8.738948,11.74873889270417
8.20825,-8.537422,11.761317842268094
7.707168,-7.8170137,11.773896791832017
8.765477,-8.669526,11.78647574139594
7.7197065,-7.4454565,11.799054690959863
9.113608,-8.5712,11.811633640523786
8.421635,-7.7230988,11.82421259008771
9.27903,-8.296935,11.836791539651632
8.89503,-7.754458,11.849370489215556
8.885869,-7.5518737,11.861949438779478
9.894,-8.196565,11.874528388343402
8.344885,-6.738024,11.887107337907324
9.197108,-7.236942,11.899686287471248
9.708649,-7.443647,11.91226523703517
9.272709,-6.925964,11.924844186599094
9.065557,-6.5952277,11.937423136163018
9.8399105,-6.9709945,11.95000208572694
9.803281,-6.7614655,11.962581035290864
10.016644,-6.7242775,11.975159984854786
9.534775,-6.2282534,11.98773893441871
10.399964,-6.608279,12.000317883982632
10.044935,-6.206715,12.012896833546556
10.461132,-6.283444,12.025475783110478
10.698894,-6.2444835,12.038054732674402
10.536155,-5.9731035,12.050633682238324
11.040803,-6.076969,12.063212631802248
11.0488405,-5.901541,12.075791581366172
10.482988,-5.430938,12.088370530930094
11.00001,-5.5244126,12.100949480494018
11.985456,-5.831707,12.11352843005794
11.367057,-5.355045,12.126107379621864
11.123396,-5.0702796,12.138686329185786
11.532545,-5.08256,12.15126527874971
10.90995,-4.645178,12.163844228313632
11.4721775,-4.7149897,12.176423177877556
11.362578,-4.503724,12.189002127441478
11.657039,-4.4516,12.201581077005402
11.586488,-4.258447,12.214160026569324
10.998979,-3.8861866,12.226738976133248
11.427585,-3.8766377,12.239317925697172
11.192433,-3.640534,12.251896875261094
12.092546,-3.765783,12.264475824825018
11.400782,-3.3936462,12.27705477438894
11.585976,-3.2907033,12.289633723952864
11.85462,-3.206422,12.302212673516786
12.888609,-3.3126888,12.31479162308071
12.296921,-2.9962323,12.327370572644632
12.2127695,-2.8134727,12.339949522208556
11.690257,-2.5386848,12.352528471772478
11.729513,-2.3931196,12.365107421336402
12.365747,-2.3613107,12.377686370900324
10.369213,-1.8451879,12.390265320464248
11.827882,-1.9515972,12.402844270028172
11.634235,-1.7696184,12.415423219592094
12.452492,-1.7341131,12.428002169156018
12.557736,-1.5880159,12.44058111871994
11.479153,-1.3051418,12.453160068283864
12.507116,-1.2628769,12.465739017847786
12.713965,-1.1224005,12.47831796741171
12.19822,-0.92239684,12.490896916975633
12.6018305,-0.79363567,12.503475866539556
12.524022,-0.6306885,12.516054816103479
11.787007,-0.4450158,12.528633765667402
12.357205,-0.31094694,12.541212715231325
12.658991,-0.15924521,12.553791664795249
12.654827,-6.1990775e-15,12.566370614359172
